Fecha,Producto 273,Producto 0,Producto 1,Producto 5,Producto 8,Producto 21,Producto 12,Producto 22,Producto 186,Producto 20,Producto 33,Producto 245,Producto 16,Producto 17,Producto 38,Producto 134,Producto 37,Producto 59,Producto 248,Producto 122
2022-01-02,0.0,10.5,35.0,14.0,21.0,7.0,7.0,0.0,0.0,3.5,0.0,0.0,3.5,0.0,0.0,0.0,7.0,0.0,0.0,0.0
2022-01-03,0.0,38.5,17.5,21.0,0.0,7.0,10.5,3.5,0.0,0.0,0.0,0.0,3.5,0.0,0.0,0.0,0.0,3.5,0.0,0.0
2022-01-04,0.0,56.0,3.5,21.0,10.5,3.5,3.5,7.0,0.0,3.5,7.0,0.0,3.5,0.0,0.0,0.0,3.5,0.0,0.0,0.0
2022-01-05,0.0,49.0,14.0,10.5,10.5,0.0,7.0,3.5,0.0,0.0,0.0,0.0,3.5,3.5,0.0,0.0,0.0,0.0,0.0,0.0
2022-01-06,0.0,17.5,7.0,10.5,3.5,3.5,7.0,0.0,0.0,0.0,0.0,0.0,7.0,3.5,0.0,0.0,0.0,3.5,0.0,0.0
2022-01-07,0.0,28.0,59.5,10.5,3.5,3.5,10.5,0.0,0.0,0.0,3.5,0.0,0.0,3.5,3.5,0.0,0.0,0.0,0.0,0.0
2022-01-08,0.0,21.0,66.5,10.5,3.5,0.0,0.0,0.0,0.0,0.0,0.0,0.0,3.5,0.0,7.0,0.0,0.0,0.0,0.0,0.0
2022-01-09,0.0,38.5,45.5,17.5,3.5,3.5,7.0,3.5,0.0,0.0,0.0,0.0,0.0,0.0,0.0,0.0,0.0,3.5,0.0,0.0
2022-01-10,0.0,28.0,70.0,14.0,7.0,3.5,3.5,7.0,0.0,3.5,3.5,0.0,7.0,0.0,3.5,0.0,0.0,0.0,0.0,0.0
2022-01-11,0.0,21.0,52.5,14.0,3.5,7.0,0.0,7.0,0.0,0.0,0.0,0.0,7.0,0.0,0.0,0.0,3.5,0.0,0.0,0.0
2022-01-12,0.0,14.0,119.0,17.5,7.0,7.0,7.0,0.0,0.0,3.5,0.0,0.0,0.0,3.5,0.0,0.0,0.0,0.0,0.0,0.0
2022-01-13,0.0,59.5,115.5,17.5,0.0,0.0,10.5,0.0,0.0,3.5,0.0,0.0,10.5,17.5,0.0,0.0,0.0,0.0,0.0,0.0
2022-01-14,0.0,17.5,63.0,0.0,3.5,0.0,0.0,10.5,0.0,3.5,0.0,0.0,0.0,0.0,3.5,0.0,0.0,0.0,0.0,0.0
2022-01-15,0.0,56.0,98.0,14.0,10.5,0.0,17.5,0.0,0.0,3.5,0.0,0.0,10.5,3.5,7.0,0.0,3.5,0.0,0.0,0.0
2022-01-16,0.0,17.5,105.0,7.0,7.0,10.5,3.5,0.0,0.0,0.0,0.0,0.0,0.0,0.0,0.0,0.0,0.0,0.0,0.0,0.0
2022-01-17,0.0,31.5,315.0,14.0,3.5,0.0,7.0,3.5,0.0,0.0,0.0,0.0,0.0,3.5,0.0,0.0,0.0,0.0,0.0,0.0
2022-01-18,0.0,17.5,73.5,17.5,7.0,7.0,7.0,0.0,0.0,14.0,0.0,0.0,0.0,0.0,0.0,0.0,0.0,0.0,0.0,0.0
2022-01-19,0.0,14.0,59.5,7.0,0.0,0.0,7.0,3.5,0.0,3.5,0.0,0.0,0.0,0.0,0.0,0.0,0.0,0.0,0.0,0.0
2022-01-20,0.0,28.0,45.5,7.0,14.0,10.5,3.5,0.0,0.0,0.0,0.0,0.0,0.0,0.0,3.5,0.0,3.5,0.0,0.0,0.0
2022-01-21,0.0,14.0,283.5,10.5,3.5,0.0,3.5,3.5,0.0,3.5,0.0,0.0,3.5,0.0,0.0,0.0,0.0,0.0,0.0,0.0
2022-01-22,0.0,35.0,87.5,21.0,14.0,0.0,10.5,3.5,0.0,7.0,0.0,0.0,0.0,3.5,0.0,0.0,14.0,0.0,0.0,0.0
2022-01-23,0.0,14.0,35.0,3.5,3.5,0.0,0.0,0.0,0.0,3.5,0.0,0.0,0.0,0.0,0.0,0.0,0.0,0.0,0.0,0.0
2022-01-24,0.0,14.0,108.5,3.5,17.5,7.0,10.5,3.5,0.0,10.5,0.0,0.0,3.5,0.0,0.0,0.0,0.0,0.0,0.0,0.0
2022-01-25,0.0,10.5,28.0,10.5,3.5,0.0,3.5,3.5,0.0,0.0,0.0,0.0,0.0,7.0,0.0,0.0,0.0,0.0,0.0,0.0
2022-01-26,0.0,3.5,52.5,0.0,0.0,3.5,7.0,0.0,0.0,0.0,0.0,0.0,7.0,0.0,3.5,0.0,0.0,0.0,0.0,0.0
2022-01-27,0.0,31.5,217.0,10.5,3.5,7.0,0.0,7.0,0.0,0.0,0.0,0.0,3.5,0.0,0.0,0.0,0.0,0.0,0.0,0.0
2022-01-28,0.0,38.5,63.0,0.0,3.5,7.0,7.0,0.0,0.0,10.5,0.0,0.0,0.0,0.0,3.5,0.0,3.5,0.0,0.0,0.0
2022-01-29,0.0,17.5,105.0,10.5,17.5,0.0,17.5,3.5,0.0,7.0,0.0,59.5,0.0,7.0,0.0,0.0,3.5,3.5,0.0,0.0
2022-01-30,0.0,17.5,70.0,0.0,3.5,0.0,14.0,7.0,0.0,3.5,0.0,0.0,7.0,0.0,3.5,0.0,0.0,0.0,0.0,0.0
2022-01-31,0.0,21.0,98.0,14.0,14.0,17.5,0.0,0.0,0.0,3.5,0.0,0.0,0.0,0.0,0.0,0.0,14.0,0.0,0.0,0.0
2022-02-01,0.0,17.5,84.0,10.5,10.5,7.0,7.0,0.0,0.0,3.5,0.0,0.0,3.5,0.0,7.0,0.0,0.0,0.0,0.0,0.0
2022-02-02,0.0,17.5,87.5,17.5,10.5,3.5,7.0,0.0,0.0,0.0,3.5,0.0,14.0,0.0,7.0,0.0,0.0,0.0,0.0,0.0
2022-02-03,0.0,24.5,63.0,7.0,0.0,10.5,7.0,7.0,0.0,31.5,0.0,0.0,31.5,0.0,3.5,0.0,7.0,0.0,0.0,0.0
2022-02-04,0.0,7.0,108.5,0.0,3.5,14.0,3.5,7.0,0.0,0.0,0.0,0.0,3.5,10.5,0.0,0.0,0.0,0.0,0.0,0.0
2022-02-05,0.0,21.0,21.0,10.5,14.0,3.5,7.0,0.0,0.0,3.5,3.5,0.0,3.5,14.0,0.0,0.0,3.5,0.0,0.0,0.0
2022-02-06,0.0,7.0,10.5,10.5,10.5,3.5,3.5,0.0,0.0,10.5,0.0,0.0,3.5,0.0,3.5,0.0,0.0,0.0,0.0,0.0
2022-02-07,0.0,17.5,80.5,7.0,0.0,7.0,3.5,3.5,0.0,3.5,3.5,0.0,0.0,7.0,0.0,0.0,3.5,0.0,3.5,0.0
2022-02-08,0.0,28.0,17.5,10.5,7.0,0.0,10.5,0.0,0.0,7.0,0.0,0.0,7.0,10.5,0.0,0.0,0.0,0.0,0.0,0.0
2022-02-09,0.0,24.5,17.5,10.5,3.5,0.0,3.5,3.5,0.0,3.5,0.0,0.0,3.5,7.0,0.0,0.0,0.0,0.0,0.0,0.0
2022-02-10,0.0,7.0,28.0,3.5,10.5,0.0,0.0,0.0,0.0,0.0,3.5,0.0,3.5,0.0,0.0,0.0,0.0,0.0,0.0,0.0
2022-02-11,0.0,28.0,14.0,7.0,3.5,0.0,0.0,7.0,0.0,0.0,0.0,0.0,7.0,0.0,0.0,0.0,10.5,0.0,0.0,0.0
2022-02-12,0.0,17.5,21.0,7.0,0.0,0.0,17.5,10.5,0.0,3.5,0.0,0.0,3.5,3.5,0.0,0.0,0.0,0.0,0.0,0.0
2022-02-13,0.0,14.0,14.0,7.0,3.5,0.0,3.5,7.0,0.0,3.5,0.0,0.0,10.5,31.5,7.0,0.0,10.5,0.0,0.0,0.0
2022-02-14,0.0,7.0,59.5,7.0,3.5,7.0,0.0,10.5,0.0,0.0,3.5,0.0,3.5,0.0,0.0,0.0,10.5,0.0,0.0,0.0
2022-02-15,0.0,14.0,21.0,10.5,10.5,0.0,0.0,7.0,0.0,0.0,0.0,0.0,3.5,14.0,0.0,0.0,7.0,0.0,0.0,0.0
2022-02-16,0.0,10.5,287.0,7.0,3.5,10.5,7.0,3.5,0.0,0.0,3.5,0.0,3.5,10.5,0.0,0.0,0.0,3.5,0.0,0.0
2022-02-17,0.0,3.5,14.0,0.0,0.0,3.5,3.5,0.0,0.0,3.5,3.5,0.0,0.0,3.5,0.0,0.0,0.0,0.0,0.0,0.0
2022-02-18,0.0,7.0,35.0,17.5,0.0,0.0,3.5,0.0,0.0,0.0,3.5,0.0,7.0,3.5,0.0,0.0,3.5,3.5,0.0,0.0
2022-02-19,0.0,35.0,77.0,3.5,10.5,0.0,14.0,3.5,0.0,7.0,3.5,0.0,7.0,14.0,0.0,0.0,0.0,3.5,0.0,0.0
2022-02-20,0.0,21.0,21.0,10.5,10.5,3.5,0.0,7.0,0.0,0.0,10.5,0.0,7.0,7.0,0.0,0.0,0.0,0.0,0.0,0.0
2022-02-21,0.0,21.0,42.0,7.0,17.5,3.5,7.0,7.0,0.0,7.0,3.5,0.0,0.0,10.5,3.5,0.0,0.0,0.0,0.0,0.0
2022-02-22,0.0,17.5,287.0,10.5,14.0,3.5,3.5,3.5,0.0,7.0,3.5,0.0,3.5,49.0,0.0,0.0,0.0,0.0,0.0,0.0
2022-02-23,0.0,28.0,49.0,3.5,10.5,0.0,7.0,3.5,0.0,3.5,3.5,0.0,0.0,3.5,0.0,0.0,3.5,0.0,0.0,0.0
2022-02-24,0.0,21.0,7.0,7.0,3.5,7.0,0.0,10.5,0.0,0.0,0.0,0.0,7.0,3.5,7.0,0.0,0.0,0.0,0.0,0.0
2022-02-25,0.0,45.5,14.0,17.5,0.0,0.0,0.0,7.0,0.0,0.0,3.5,0.0,0.0,7.0,0.0,0.0,0.0,0.0,0.0,0.0
2022-02-26,0.0,7.0,17.5,10.5,24.5,10.5,7.0,3.5,0.0,14.0,3.5,0.0,3.5,3.5,0.0,0.0,3.5,0.0,0.0,0.0
2022-02-27,0.0,24.5,21.0,10.5,7.0,0.0,7.0,7.0,0.0,0.0,10.5,0.0,3.5,3.5,3.5,0.0,0.0,3.5,0.0,0.0
2022-02-28,0.0,21.0,28.0,3.5,7.0,0.0,7.0,3.5,0.0,10.5,7.0,0.0,7.0,10.5,0.0,0.0,0.0,3.5,0.0,0.0
2022-03-01,0.0,10.5,17.5,0.0,7.0,0.0,3.5,3.5,0.0,3.5,0.0,0.0,3.5,10.5,3.5,0.0,0.0,0.0,0.0,0.0
2022-03-02,0.0,21.0,35.0,10.5,3.5,14.0,0.0,3.5,0.0,0.0,0.0,0.0,3.5,17.5,0.0,0.0,0.0,0.0,0.0,0.0
2022-03-03,0.0,10.5,28.0,3.5,7.0,0.0,3.5,0.0,0.0,3.5,0.0,0.0,0.0,7.0,0.0,0.0,0.0,0.0,0.0,0.0
2022-03-04,0.0,10.5,28.0,10.5,0.0,3.5,0.0,3.5,3.5,7.0,3.5,0.0,3.5,0.0,0.0,0.0,0.0,0.0,0.0,0.0
2022-03-05,0.0,42.0,17.5,7.0,24.5,7.0,7.0,0.0,0.0,3.5,7.0,0.0,14.0,21.0,0.0,0.0,3.5,0.0,0.0,0.0
2022-03-06,0.0,24.5,17.5,7.0,7.0,14.0,21.0,0.0,0.0,3.5,3.5,0.0,0.0,21.0,3.5,0.0,0.0,3.5,0.0,0.0
2022-03-07,0.0,31.5,17.5,7.0,10.5,3.5,0.0,0.0,0.0,0.0,3.5,0.0,3.5,17.5,3.5,0.0,0.0,0.0,0.0,0.0
2022-03-08,0.0,10.5,14.0,7.0,7.0,0.0,0.0,0.0,0.0,7.0,0.0,0.0,3.5,10.5,3.5,0.0,0.0,0.0,0.0,0.0
2022-03-09,0.0,7.0,21.0,3.5,3.5,3.5,0.0,10.5,0.0,3.5,3.5,0.0,0.0,10.5,3.5,0.0,3.5,0.0,0.0,0.0
2022-03-10,0.0,31.5,17.5,0.0,17.5,0.0,0.0,0.0,0.0,0.0,0.0,0.0,0.0,0.0,0.0,0.0,0.0,0.0,0.0,0.0
2022-03-11,0.0,14.0,31.5,17.5,3.5,0.0,0.0,3.5,0.0,3.5,0.0,0.0,0.0,3.5,0.0,0.0,0.0,0.0,0.0,0.0
2022-03-12,0.0,31.5,21.0,7.0,10.5,7.0,7.0,21.0,0.0,10.5,0.0,0.0,10.5,7.0,3.5,0.0,3.5,3.5,0.0,0.0
2022-03-13,0.0,10.5,10.5,10.5,10.5,17.5,14.0,7.0,0.0,7.0,3.5,0.0,3.5,7.0,0.0,0.0,0.0,0.0,0.0,0.0
2022-03-14,0.0,28.0,38.5,3.5,10.5,3.5,0.0,0.0,0.0,0.0,3.5,0.0,0.0,10.5,0.0,0.0,0.0,0.0,0.0,0.0
2022-03-15,0.0,35.0,17.5,10.5,7.0,0.0,3.5,3.5,0.0,0.0,0.0,0.0,0.0,24.5,3.5,0.0,0.0,0.0,0.0,0.0
2022-03-16,0.0,42.0,10.5,49.0,3.5,7.0,0.0,0.0,0.0,3.5,0.0,0.0,0.0,7.0,3.5,0.0,0.0,0.0,0.0,0.0
2022-03-17,0.0,7.0,108.5,10.5,10.5,3.5,0.0,0.0,0.0,0.0,0.0,0.0,3.5,10.5,0.0,0.0,0.0,0.0,0.0,0.0
2022-03-18,0.0,24.5,66.5,17.5,14.0,10.5,0.0,0.0,0.0,0.0,0.0,0.0,3.5,0.0,0.0,0.0,3.5,0.0,0.0,0.0
2022-03-19,0.0,14.0,45.5,3.5,3.5,3.5,7.0,3.5,0.0,10.5,7.0,0.0,7.0,0.0,0.0,0.0,0.0,0.0,0.0,3.5
2022-03-20,0.0,14.0,10.5,0.0,3.5,0.0,7.0,0.0,0.0,3.5,0.0,0.0,0.0,3.5,0.0,0.0,3.5,3.5,0.0,0.0
2022-03-21,0.0,45.5,28.0,10.5,7.0,7.0,14.0,0.0,0.0,3.5,0.0,0.0,10.5,7.0,3.5,0.0,0.0,0.0,0.0,0.0
2022-03-22,0.0,21.0,70.0,31.5,3.5,3.5,10.5,0.0,0.0,10.5,0.0,0.0,0.0,0.0,0.0,0.0,0.0,0.0,0.0,0.0
2022-03-23,0.0,35.0,7.0,7.0,7.0,0.0,0.0,3.5,0.0,0.0,0.0,0.0,7.0,3.5,3.5,3.5,0.0,0.0,0.0,0.0
2022-03-24,0.0,24.5,7.0,3.5,0.0,3.5,7.0,10.5,0.0,14.0,0.0,0.0,7.0,3.5,0.0,0.0,0.0,0.0,0.0,3.5
2022-03-25,0.0,3.5,0.0,7.0,3.5,0.0,7.0,0.0,0.0,0.0,3.5,0.0,3.5,3.5,0.0,3.5,0.0,3.5,0.0,0.0
2022-03-26,0.0,70.0,14.0,21.0,17.5,7.0,7.0,3.5,0.0,7.0,0.0,0.0,3.5,0.0,0.0,0.0,7.0,0.0,0.0,0.0
2022-03-27,0.0,35.0,7.0,3.5,14.0,0.0,0.0,10.5,0.0,3.5,0.0,0.0,10.5,3.5,0.0,0.0,3.5,0.0,0.0,0.0
2022-03-28,0.0,21.0,24.5,0.0,3.5,24.5,3.5,3.5,0.0,17.5,3.5,0.0,0.0,0.0,3.5,7.0,7.0,0.0,0.0,3.5
2022-03-29,0.0,35.0,28.0,10.5,3.5,0.0,3.5,0.0,0.0,0.0,0.0,0.0,7.0,31.5,0.0,0.0,0.0,0.0,0.0,0.0
2022-03-30,0.0,49.0,10.5,7.0,7.0,0.0,0.0,0.0,0.0,0.0,3.5,0.0,0.0,3.5,0.0,0.0,7.0,0.0,0.0,0.0
2022-03-31,0.0,45.5,7.0,14.0,14.0,7.0,7.0,0.0,0.0,3.5,0.0,0.0,7.0,7.0,0.0,0.0,0.0,3.5,0.0,14.0
2022-04-01,3.5,28.0,7.0,28.0,7.0,7.0,0.0,3.5,0.0,0.0,0.0,0.0,0.0,0.0,0.0,0.0,0.0,0.0,0.0,0.0
2022-04-02,0.0,112.0,17.5,17.5,7.0,7.0,7.0,3.5,0.0,0.0,0.0,0.0,3.5,0.0,3.5,0.0,0.0,0.0,0.0,0.0
2022-04-03,0.0,21.0,0.0,3.5,10.5,3.5,7.0,3.5,0.0,3.5,3.5,0.0,0.0,0.0,0.0,3.5,0.0,0.0,0.0,3.5
2022-04-04,10.5,35.0,108.5,3.5,10.5,0.0,3.5,0.0,0.0,0.0,3.5,0.0,0.0,14.0,3.5,0.0,0.0,0.0,0.0,0.0
2022-04-05,0.0,35.0,21.0,10.5,3.5,0.0,7.0,0.0,0.0,0.0,3.5,0.0,3.5,0.0,0.0,3.5,0.0,0.0,0.0,0.0
2022-04-06,7.0,35.0,178.5,3.5,3.5,3.5,3.5,3.5,0.0,0.0,0.0,0.0,0.0,0.0,0.0,0.0,0.0,0.0,0.0,3.5
2022-04-07,10.5,10.5,7.0,7.0,3.5,3.5,3.5,0.0,0.0,0.0,0.0,0.0,7.0,0.0,3.5,0.0,0.0,0.0,0.0,0.0
2022-04-08,7.0,3.5,161.0,10.5,10.5,0.0,7.0,0.0,0.0,0.0,0.0,0.0,0.0,3.5,0.0,0.0,3.5,0.0,0.0,0.0
2022-04-09,7.0,24.5,3.5,7.0,14.0,17.5,3.5,3.5,0.0,3.5,3.5,0.0,3.5,0.0,7.0,0.0,10.5,0.0,0.0,7.0
2022-04-10,14.0,31.5,17.5,7.0,3.5,3.5,3.5,0.0,0.0,0.0,0.0,0.0,3.5,0.0,3.5,3.5,7.0,0.0,0.0,3.5
2022-04-11,3.5,45.5,42.0,38.5,7.0,10.5,10.5,0.0,0.0,10.5,3.5,0.0,0.0,0.0,10.5,0.0,0.0,0.0,0.0,3.5
2022-04-12,7.0,17.5,14.0,17.5,3.5,3.5,0.0,3.5,0.0,7.0,0.0,0.0,0.0,3.5,3.5,0.0,0.0,0.0,0.0,0.0
2022-04-13,10.5,35.0,14.0,17.5,7.0,0.0,7.0,0.0,0.0,0.0,0.0,0.0,3.5,0.0,0.0,0.0,0.0,0.0,0.0,3.5
2022-04-14,14.0,7.0,73.5,21.0,0.0,3.5,0.0,10.5,0.0,0.0,3.5,0.0,0.0,3.5,3.5,3.5,3.5,0.0,0.0,3.5
2022-04-15,0.0,0.0,0.0,0.0,0.0,0.0,0.0,0.0,0.0,0.0,0.0,0.0,0.0,0.0,3.5,0.0,0.0,0.0,0.0,0.0
2022-04-16,7.0,24.5,7.0,24.5,3.5,0.0,0.0,3.5,0.0,0.0,3.5,0.0,0.0,0.0,0.0,7.0,0.0,0.0,0.0,3.5
2022-04-17,3.5,10.5,14.0,3.5,3.5,0.0,0.0,0.0,0.0,0.0,0.0,0.0,3.5,3.5,7.0,3.5,0.0,0.0,0.0,0.0
2022-04-18,3.5,24.5,7.0,14.0,7.0,0.0,3.5,0.0,0.0,3.5,0.0,0.0,0.0,0.0,0.0,3.5,0.0,3.5,0.0,0.0
2022-04-19,3.5,28.0,3.5,17.5,3.5,10.5,0.0,0.0,0.0,3.5,0.0,0.0,7.0,0.0,0.0,0.0,0.0,0.0,0.0,0.0
2022-04-20,3.5,24.5,21.0,14.0,3.5,3.5,3.5,0.0,0.0,3.5,7.0,0.0,0.0,24.5,3.5,0.0,0.0,0.0,0.0,3.5
2022-04-21,3.5,38.5,24.5,14.0,0.0,10.5,3.5,3.5,0.0,3.5,0.0,0.0,0.0,0.0,0.0,0.0,0.0,0.0,0.0,3.5
2022-04-22,3.5,24.5,24.5,17.5,17.5,3.5,0.0,7.0,0.0,0.0,0.0,0.0,0.0,0.0,3.5,0.0,7.0,0.0,0.0,7.0
2022-04-23,7.0,17.5,21.0,14.0,17.5,14.0,7.0,0.0,0.0,0.0,3.5,0.0,3.5,0.0,0.0,0.0,0.0,3.5,0.0,0.0
2022-04-24,7.0,52.5,3.5,14.0,3.5,3.5,7.0,0.0,0.0,14.0,0.0,0.0,0.0,3.5,0.0,3.5,0.0,0.0,0.0,0.0
2022-04-25,14.0,38.5,17.5,17.5,7.0,10.5,3.5,3.5,0.0,0.0,0.0,0.0,3.5,0.0,0.0,0.0,3.5,0.0,0.0,0.0
2022-04-26,3.5,73.5,0.0,38.5,7.0,3.5,0.0,0.0,0.0,3.5,0.0,0.0,0.0,0.0,0.0,3.5,0.0,0.0,0.0,0.0
2022-04-27,14.0,21.0,10.5,3.5,3.5,3.5,0.0,35.0,0.0,0.0,3.5,0.0,0.0,0.0,3.5,3.5,0.0,0.0,0.0,0.0
2022-04-28,3.5,3.5,0.0,10.5,0.0,14.0,3.5,0.0,0.0,0.0,0.0,0.0,0.0,0.0,0.0,0.0,10.5,0.0,0.0,0.0
2022-04-29,7.0,7.0,0.0,10.5,10.5,7.0,0.0,0.0,0.0,0.0,0.0,0.0,0.0,0.0,0.0,0.0,0.0,0.0,0.0,0.0
2022-04-30,0.0,31.5,3.5,56.0,7.0,7.0,0.0,10.5,0.0,3.5,3.5,0.0,3.5,0.0,3.5,3.5,3.5,3.5,0.0,7.0
2022-05-01,21.0,10.5,0.0,21.0,10.5,7.0,0.0,21.0,0.0,3.5,0.0,0.0,3.5,0.0,3.5,0.0,0.0,0.0,0.0,7.0
2022-05-02,10.5,45.5,7.0,28.0,17.5,0.0,7.0,7.0,0.0,3.5,0.0,0.0,0.0,0.0,0.0,0.0,0.0,0.0,0.0,0.0
2022-05-03,7.0,14.0,38.5,28.0,3.5,3.5,0.0,0.0,0.0,0.0,0.0,0.0,3.5,7.0,3.5,0.0,7.0,0.0,0.0,0.0
2022-05-04,7.0,49.0,7.0,21.0,0.0,3.5,7.0,3.5,0.0,0.0,0.0,0.0,3.5,0.0,3.5,3.5,0.0,0.0,0.0,0.0
2022-05-05,7.0,10.5,10.5,28.0,3.5,0.0,3.5,0.0,0.0,0.0,0.0,0.0,0.0,0.0,0.0,3.5,0.0,7.0,0.0,0.0
2022-05-06,3.5,17.5,21.0,24.5,0.0,3.5,0.0,7.0,0.0,0.0,0.0,0.0,0.0,0.0,0.0,3.5,0.0,7.0,0.0,3.5
2022-05-07,21.0,24.5,31.5,17.5,3.5,3.5,3.5,7.0,0.0,7.0,3.5,0.0,3.5,3.5,3.5,0.0,3.5,0.0,0.0,0.0
2022-05-08,21.0,35.0,24.5,0.0,0.0,10.5,0.0,3.5,0.0,3.5,0.0,0.0,0.0,10.5,0.0,3.5,0.0,10.5,0.0,3.5
2022-05-09,7.0,3.5,31.5,31.5,3.5,10.5,0.0,3.5,0.0,7.0,14.0,0.0,0.0,10.5,0.0,3.5,0.0,0.0,0.0,0.0
2022-05-10,10.5,17.5,14.0,35.0,3.5,7.0,7.0,0.0,0.0,10.5,0.0,0.0,3.5,3.5,0.0,0.0,3.5,0.0,0.0,0.0
2022-05-11,7.0,10.5,35.0,28.0,10.5,3.5,7.0,3.5,0.0,7.0,0.0,0.0,0.0,0.0,3.5,0.0,3.5,0.0,0.0,3.5
2022-05-12,21.0,17.5,21.0,17.5,0.0,0.0,0.0,0.0,0.0,0.0,7.0,0.0,7.0,7.0,0.0,7.0,0.0,0.0,0.0,0.0
2022-05-13,17.5,10.5,14.0,14.0,0.0,0.0,0.0,0.0,0.0,0.0,0.0,0.0,0.0,3.5,0.0,7.0,0.0,0.0,0.0,3.5
2022-05-14,0.0,35.0,28.0,17.5,3.5,3.5,10.5,3.5,0.0,7.0,7.0,0.0,0.0,3.5,3.5,0.0,3.5,0.0,0.0,0.0
2022-05-15,14.0,35.0,28.0,28.0,3.5,3.5,0.0,3.5,0.0,28.0,0.0,0.0,0.0,0.0,7.0,3.5,0.0,0.0,0.0,0.0
2022-05-16,7.0,63.0,28.0,7.0,0.0,0.0,7.0,3.5,0.0,3.5,0.0,0.0,0.0,3.5,0.0,0.0,0.0,0.0,0.0,0.0
2022-05-17,17.5,49.0,14.0,14.0,0.0,7.0,7.0,0.0,0.0,7.0,3.5,0.0,0.0,10.5,7.0,0.0,0.0,3.5,0.0,0.0
2022-05-18,7.0,31.5,38.5,28.0,7.0,7.0,0.0,14.0,0.0,0.0,0.0,0.0,3.5,3.5,0.0,0.0,0.0,0.0,0.0,0.0
2022-05-19,28.0,14.0,7.0,17.5,3.5,0.0,0.0,0.0,0.0,0.0,3.5,0.0,3.5,17.5,0.0,0.0,0.0,7.0,0.0,0.0
2022-05-20,17.5,31.5,52.5,24.5,3.5,14.0,3.5,0.0,0.0,3.5,0.0,0.0,7.0,7.0,0.0,0.0,0.0,3.5,0.0,0.0
2022-05-21,14.0,7.0,17.5,21.0,3.5,7.0,7.0,7.0,0.0,7.0,3.5,0.0,3.5,7.0,3.5,3.5,0.0,0.0,0.0,0.0
2022-05-22,14.0,10.5,10.5,10.5,7.0,0.0,7.0,0.0,0.0,3.5,3.5,0.0,0.0,14.0,0.0,0.0,3.5,3.5,0.0,0.0
2022-05-23,24.5,28.0,63.0,17.5,7.0,0.0,3.5,3.5,0.0,7.0,0.0,0.0,10.5,0.0,3.5,0.0,0.0,3.5,0.0,3.5
2022-05-24,21.0,17.5,21.0,21.0,10.5,0.0,0.0,10.5,0.0,0.0,3.5,0.0,0.0,3.5,0.0,0.0,0.0,0.0,0.0,0.0
2022-05-25,3.5,14.0,7.0,17.5,7.0,14.0,3.5,3.5,0.0,3.5,0.0,0.0,0.0,3.5,0.0,0.0,3.5,0.0,0.0,0.0
2022-05-26,17.5,7.0,7.0,17.5,7.0,7.0,0.0,0.0,0.0,0.0,3.5,0.0,3.5,3.5,3.5,3.5,0.0,3.5,0.0,10.5
2022-05-27,17.5,38.5,31.5,7.0,7.0,14.0,3.5,0.0,0.0,0.0,0.0,0.0,0.0,0.0,0.0,7.0,0.0,0.0,0.0,0.0
2022-05-28,35.0,31.5,24.5,31.5,14.0,3.5,17.5,0.0,0.0,0.0,10.5,0.0,0.0,10.5,0.0,3.5,3.5,3.5,0.0,7.0
2022-05-29,17.5,28.0,24.5,7.0,3.5,3.5,0.0,0.0,0.0,0.0,10.5,0.0,10.5,3.5,0.0,3.5,7.0,7.0,0.0,0.0
2022-05-30,14.0,45.5,14.0,14.0,10.5,7.0,3.5,0.0,0.0,3.5,7.0,0.0,3.5,3.5,3.5,7.0,0.0,3.5,0.0,3.5
2022-05-31,24.5,52.5,70.0,31.5,21.0,14.0,7.0,3.5,0.0,3.5,14.0,0.0,3.5,3.5,0.0,0.0,3.5,24.5,0.0,3.5
2022-06-01,3.5,24.5,7.0,17.5,0.0,0.0,0.0,0.0,0.0,0.0,0.0,0.0,3.5,0.0,0.0,0.0,7.0,3.5,0.0,0.0
2022-06-02,14.0,7.0,31.5,7.0,3.5,3.5,3.5,3.5,0.0,0.0,0.0,0.0,0.0,17.5,3.5,10.5,0.0,3.5,0.0,0.0
2022-06-03,10.5,7.0,0.0,17.5,3.5,7.0,0.0,3.5,0.0,0.0,0.0,0.0,3.5,0.0,0.0,0.0,0.0,0.0,0.0,0.0
2022-06-04,10.5,17.5,24.5,17.5,0.0,3.5,7.0,0.0,0.0,3.5,7.0,0.0,0.0,3.5,3.5,3.5,0.0,0.0,0.0,3.5
2022-06-05,7.0,0.0,17.5,17.5,10.5,3.5,0.0,0.0,0.0,3.5,0.0,0.0,0.0,0.0,7.0,0.0,7.0,0.0,0.0,0.0
2022-06-06,14.0,45.5,7.0,21.0,3.5,3.5,3.5,7.0,0.0,3.5,0.0,0.0,0.0,7.0,0.0,3.5,7.0,3.5,0.0,3.5
2022-06-07,3.5,42.0,80.5,24.5,7.0,3.5,0.0,3.5,0.0,3.5,3.5,0.0,3.5,3.5,7.0,3.5,0.0,0.0,0.0,3.5
2022-06-08,10.5,17.5,28.0,31.5,0.0,0.0,0.0,3.5,0.0,0.0,3.5,0.0,0.0,0.0,0.0,0.0,3.5,0.0,0.0,0.0
2022-06-09,0.0,17.5,10.5,28.0,3.5,0.0,3.5,0.0,0.0,0.0,3.5,0.0,0.0,0.0,0.0,7.0,3.5,0.0,0.0,0.0
2022-06-10,24.5,17.5,52.5,7.0,3.5,3.5,3.5,3.5,0.0,0.0,7.0,0.0,0.0,0.0,0.0,0.0,0.0,0.0,0.0,0.0
2022-06-11,24.5,24.5,3.5,10.5,3.5,7.0,3.5,0.0,0.0,3.5,0.0,0.0,7.0,3.5,0.0,0.0,0.0,0.0,0.0,0.0
2022-06-12,24.5,10.5,10.5,14.0,3.5,0.0,0.0,0.0,0.0,0.0,0.0,0.0,3.5,0.0,0.0,7.0,0.0,0.0,0.0,0.0
2022-06-13,17.5,14.0,14.0,14.0,3.5,7.0,10.5,3.5,0.0,3.5,0.0,0.0,3.5,0.0,3.5,0.0,3.5,0.0,0.0,0.0
2022-06-14,3.5,21.0,7.0,10.5,3.5,7.0,0.0,7.0,0.0,0.0,3.5,0.0,0.0,0.0,0.0,3.5,14.0,0.0,0.0,0.0
2022-06-15,3.5,14.0,3.5,10.5,3.5,3.5,3.5,7.0,0.0,3.5,3.5,0.0,0.0,3.5,0.0,0.0,0.0,3.5,0.0,3.5
2022-06-16,24.5,3.5,0.0,10.5,0.0,7.0,0.0,3.5,0.0,14.0,0.0,0.0,0.0,0.0,0.0,0.0,3.5,0.0,0.0,3.5
2022-06-17,7.0,7.0,3.5,0.0,10.5,0.0,0.0,3.5,0.0,0.0,0.0,0.0,0.0,7.0,3.5,0.0,0.0,0.0,0.0,0.0
2022-06-18,3.5,7.0,0.0,10.5,3.5,7.0,14.0,3.5,0.0,0.0,3.5,0.0,0.0,0.0,3.5,0.0,3.5,0.0,0.0,3.5
2022-06-19,10.5,35.0,7.0,0.0,3.5,0.0,0.0,0.0,0.0,3.5,0.0,0.0,0.0,3.5,0.0,7.0,0.0,3.5,0.0,3.5
2022-06-20,3.5,3.5,14.0,0.0,7.0,0.0,0.0,0.0,0.0,0.0,0.0,0.0,0.0,7.0,3.5,0.0,0.0,0.0,0.0,0.0
2022-06-21,0.0,14.0,31.5,3.5,0.0,3.5,3.5,3.5,0.0,3.5,0.0,0.0,0.0,0.0,0.0,3.5,0.0,0.0,0.0,0.0
2022-06-22,14.0,10.5,10.5,7.0,0.0,7.0,7.0,3.5,0.0,3.5,0.0,0.0,0.0,0.0,7.0,0.0,0.0,0.0,0.0,7.0
2022-06-23,31.5,45.5,24.5,0.0,7.0,0.0,0.0,7.0,0.0,0.0,0.0,0.0,3.5,0.0,0.0,3.5,0.0,0.0,0.0,0.0
2022-06-24,28.0,14.0,17.5,3.5,3.5,0.0,0.0,0.0,0.0,0.0,0.0,0.0,0.0,3.5,0.0,0.0,3.5,0.0,0.0,0.0
2022-06-25,10.5,7.0,7.0,3.5,0.0,10.5,7.0,17.5,0.0,0.0,3.5,0.0,0.0,7.0,0.0,0.0,3.5,0.0,0.0,3.5
2022-06-26,17.5,14.0,14.0,10.5,3.5,0.0,0.0,0.0,0.0,7.0,10.5,0.0,0.0,3.5,0.0,3.5,0.0,0.0,0.0,7.0
2022-06-27,14.0,28.0,17.5,14.0,3.5,7.0,0.0,0.0,0.0,7.0,0.0,0.0,3.5,0.0,0.0,3.5,0.0,0.0,0.0,3.5
2022-06-28,17.5,7.0,14.0,3.5,7.0,3.5,0.0,3.5,0.0,10.5,0.0,0.0,0.0,7.0,3.5,0.0,0.0,3.5,0.0,0.0
2022-06-29,7.0,7.0,3.5,7.0,3.5,0.0,3.5,0.0,0.0,0.0,0.0,0.0,7.0,0.0,0.0,10.5,0.0,0.0,0.0,0.0
2022-06-30,7.0,7.0,66.5,3.5,3.5,0.0,3.5,0.0,0.0,10.5,3.5,0.0,0.0,14.0,3.5,3.5,0.0,3.5,0.0,0.0
2022-07-01,28.0,7.0,3.5,3.5,14.0,10.5,3.5,0.0,0.0,3.5,0.0,0.0,0.0,0.0,0.0,0.0,3.5,0.0,0.0,7.0
2022-07-02,38.5,21.0,14.0,7.0,0.0,10.5,0.0,3.5,0.0,10.5,0.0,0.0,0.0,0.0,0.0,0.0,7.0,0.0,0.0,0.0
2022-07-03,14.0,10.5,14.0,10.5,0.0,10.5,3.5,0.0,0.0,0.0,0.0,0.0,3.5,0.0,3.5,0.0,0.0,3.5,0.0,3.5
2022-07-04,17.5,31.5,14.0,10.5,7.0,7.0,3.5,7.0,0.0,10.5,0.0,0.0,7.0,0.0,0.0,3.5,0.0,0.0,0.0,7.0
2022-07-05,10.5,14.0,10.5,7.0,3.5,10.5,0.0,7.0,0.0,0.0,0.0,0.0,0.0,0.0,0.0,0.0,0.0,0.0,0.0,3.5
2022-07-06,28.0,14.0,3.5,7.0,3.5,0.0,0.0,0.0,0.0,3.5,0.0,0.0,0.0,3.5,0.0,3.5,0.0,0.0,0.0,0.0
2022-07-07,17.5,17.5,21.0,3.5,7.0,7.0,3.5,0.0,0.0,0.0,0.0,0.0,0.0,3.5,0.0,0.0,0.0,0.0,0.0,0.0
2022-07-08,14.0,21.0,7.0,14.0,3.5,3.5,0.0,0.0,0.0,3.5,0.0,0.0,3.5,3.5,0.0,3.5,0.0,0.0,3.5,0.0
2022-07-09,80.5,24.5,31.5,7.0,7.0,3.5,7.0,3.5,0.0,3.5,3.5,3.5,3.5,0.0,3.5,10.5,0.0,0.0,0.0,3.5
2022-07-10,87.5,24.5,24.5,7.0,0.0,7.0,3.5,3.5,0.0,0.0,0.0,0.0,3.5,0.0,7.0,10.5,0.0,0.0,3.5,3.5
2022-07-11,70.0,42.0,24.5,21.0,14.0,3.5,0.0,0.0,3.5,10.5,0.0,7.0,0.0,0.0,0.0,24.5,0.0,3.5,0.0,3.5
2022-07-12,77.0,24.5,7.0,21.0,3.5,10.5,7.0,0.0,3.5,0.0,0.0,0.0,3.5,0.0,7.0,3.5,0.0,0.0,0.0,0.0
2022-07-13,66.5,21.0,14.0,3.5,10.5,14.0,3.5,7.0,0.0,0.0,0.0,7.0,10.5,7.0,0.0,0.0,0.0,0.0,0.0,0.0
2022-07-14,70.0,10.5,3.5,0.0,3.5,0.0,0.0,3.5,0.0,3.5,0.0,7.0,0.0,3.5,0.0,3.5,0.0,0.0,0.0,7.0
2022-07-15,98.0,35.0,28.0,14.0,0.0,3.5,7.0,3.5,0.0,3.5,0.0,0.0,0.0,0.0,0.0,0.0,0.0,0.0,7.0,0.0
2022-07-16,133.0,14.0,3.5,10.5,3.5,3.5,7.0,3.5,0.0,0.0,0.0,17.5,17.5,3.5,0.0,0.0,0.0,0.0,0.0,0.0
2022-07-17,101.5,28.0,17.5,3.5,14.0,7.0,3.5,0.0,0.0,3.5,0.0,3.5,3.5,7.0,3.5,0.0,0.0,0.0,0.0,7.0
2022-07-18,129.5,14.0,3.5,17.5,10.5,7.0,10.5,0.0,0.0,7.0,0.0,7.0,3.5,0.0,7.0,14.0,3.5,0.0,0.0,3.5
2022-07-19,77.0,17.5,21.0,14.0,0.0,17.5,0.0,0.0,0.0,0.0,3.5,0.0,0.0,0.0,0.0,3.5,0.0,0.0,0.0,10.5
2022-07-20,38.5,7.0,14.0,3.5,3.5,0.0,0.0,3.5,0.0,0.0,0.0,3.5,0.0,0.0,7.0,3.5,0.0,3.5,0.0,3.5
2022-07-21,73.5,14.0,49.0,28.0,0.0,3.5,0.0,3.5,3.5,0.0,3.5,3.5,0.0,0.0,7.0,3.5,0.0,0.0,0.0,3.5
2022-07-22,56.0,10.5,0.0,7.0,0.0,0.0,0.0,7.0,3.5,0.0,0.0,0.0,0.0,3.5,3.5,3.5,3.5,0.0,0.0,7.0
2022-07-23,73.5,7.0,17.5,0.0,10.5,7.0,10.5,0.0,3.5,0.0,0.0,3.5,10.5,0.0,3.5,0.0,0.0,3.5,3.5,3.5
2022-07-24,84.0,17.5,10.5,14.0,0.0,7.0,0.0,0.0,0.0,0.0,0.0,3.5,0.0,0.0,7.0,3.5,0.0,3.5,0.0,0.0
2022-07-25,91.0,38.5,14.0,14.0,0.0,3.5,3.5,3.5,10.5,3.5,3.5,0.0,0.0,0.0,0.0,3.5,0.0,3.5,0.0,3.5
2022-07-26,119.0,14.0,10.5,7.0,7.0,10.5,7.0,7.0,0.0,3.5,0.0,0.0,0.0,0.0,0.0,0.0,0.0,0.0,0.0,3.5
2022-07-27,126.0,21.0,10.5,3.5,3.5,0.0,3.5,21.0,0.0,10.5,0.0,3.5,0.0,3.5,0.0,14.0,3.5,0.0,0.0,14.0
2022-07-28,63.0,3.5,3.5,3.5,0.0,3.5,3.5,24.5,0.0,0.0,0.0,0.0,0.0,0.0,3.5,7.0,3.5,0.0,0.0,7.0
2022-07-29,70.0,45.5,31.5,17.5,3.5,0.0,3.5,3.5,0.0,0.0,3.5,7.0,0.0,0.0,0.0,0.0,0.0,0.0,3.5,3.5
2022-07-30,150.5,21.0,59.5,14.0,14.0,0.0,10.5,7.0,3.5,3.5,0.0,7.0,0.0,0.0,14.0,0.0,3.5,0.0,0.0,3.5
2022-07-31,136.5,31.5,0.0,7.0,7.0,14.0,3.5,0.0,3.5,7.0,0.0,0.0,7.0,0.0,0.0,7.0,0.0,0.0,3.5,3.5
2022-08-01,140.0,38.5,14.0,3.5,0.0,10.5,0.0,3.5,7.0,0.0,0.0,0.0,0.0,0.0,7.0,14.0,0.0,0.0,0.0,0.0
2022-08-02,84.0,28.0,0.0,17.5,3.5,10.5,0.0,0.0,3.5,0.0,0.0,3.5,0.0,0.0,3.5,3.5,0.0,3.5,0.0,0.0
2022-08-03,101.5,24.5,28.0,10.5,10.5,3.5,7.0,0.0,0.0,0.0,3.5,10.5,17.5,0.0,3.5,3.5,14.0,7.0,0.0,3.5
2022-08-04,101.5,38.5,7.0,0.0,0.0,3.5,3.5,0.0,3.5,0.0,0.0,0.0,0.0,0.0,0.0,0.0,0.0,3.5,0.0,3.5
2022-08-05,122.5,38.5,21.0,3.5,10.5,3.5,3.5,7.0,3.5,0.0,3.5,10.5,0.0,0.0,3.5,0.0,0.0,10.5,0.0,0.0
2022-08-06,119.0,28.0,0.0,14.0,7.0,3.5,3.5,0.0,10.5,3.5,3.5,3.5,0.0,0.0,0.0,3.5,0.0,0.0,10.5,0.0
2022-08-07,73.5,17.5,3.5,17.5,7.0,3.5,3.5,10.5,3.5,0.0,3.5,0.0,3.5,0.0,3.5,3.5,0.0,0.0,0.0,3.5
2022-08-08,115.5,7.0,3.5,7.0,0.0,10.5,3.5,0.0,7.0,3.5,0.0,0.0,7.0,0.0,3.5,10.5,0.0,3.5,0.0,0.0
2022-08-09,140.0,21.0,0.0,7.0,3.5,3.5,14.0,7.0,3.5,0.0,0.0,3.5,0.0,0.0,0.0,7.0,0.0,0.0,7.0,3.5
2022-08-10,122.5,14.0,0.0,3.5,3.5,0.0,10.5,7.0,3.5,0.0,0.0,3.5,3.5,3.5,0.0,3.5,7.0,0.0,7.0,7.0
2022-08-11,87.5,3.5,0.0,14.0,3.5,0.0,0.0,7.0,0.0,3.5,0.0,10.5,0.0,0.0,0.0,0.0,0.0,0.0,7.0,7.0
2022-08-12,112.0,0.0,3.5,10.5,7.0,3.5,0.0,17.5,7.0,7.0,0.0,3.5,10.5,3.5,0.0,3.5,0.0,0.0,0.0,0.0
2022-08-13,126.0,14.0,3.5,17.5,7.0,0.0,7.0,0.0,14.0,3.5,0.0,3.5,0.0,0.0,3.5,0.0,0.0,0.0,0.0,7.0
2022-08-14,126.0,42.0,0.0,0.0,17.5,7.0,0.0,0.0,3.5,0.0,0.0,0.0,0.0,0.0,0.0,10.5,0.0,0.0,3.5,7.0
2022-08-15,80.5,28.0,7.0,0.0,3.5,3.5,7.0,0.0,3.5,0.0,7.0,3.5,0.0,0.0,0.0,3.5,0.0,0.0,3.5,0.0
2022-08-16,98.0,42.0,31.5,10.5,7.0,0.0,3.5,0.0,3.5,3.5,3.5,14.0,0.0,0.0,0.0,0.0,3.5,3.5,0.0,3.5
2022-08-17,80.5,14.0,3.5,3.5,7.0,0.0,0.0,7.0,10.5,3.5,0.0,3.5,0.0,0.0,3.5,0.0,0.0,3.5,0.0,3.5
2022-08-18,52.5,21.0,0.0,7.0,7.0,7.0,7.0,10.5,17.5,0.0,0.0,3.5,0.0,0.0,0.0,0.0,0.0,3.5,3.5,0.0
2022-08-19,91.0,0.0,14.0,24.5,0.0,3.5,10.5,10.5,7.0,7.0,0.0,0.0,3.5,0.0,0.0,0.0,3.5,3.5,0.0,3.5
2022-08-20,147.0,7.0,38.5,14.0,3.5,0.0,0.0,3.5,3.5,10.5,0.0,0.0,3.5,0.0,7.0,7.0,3.5,0.0,0.0,3.5
2022-08-21,126.0,7.0,21.0,7.0,3.5,14.0,7.0,10.5,0.0,0.0,0.0,0.0,3.5,0.0,3.5,10.5,3.5,3.5,0.0,7.0
2022-08-22,164.5,10.5,28.0,7.0,0.0,10.5,7.0,3.5,7.0,0.0,7.0,3.5,0.0,0.0,0.0,3.5,3.5,3.5,7.0,7.0
2022-08-23,66.5,14.0,17.5,21.0,7.0,0.0,14.0,3.5,3.5,10.5,0.0,3.5,0.0,0.0,3.5,3.5,3.5,0.0,0.0,3.5
2022-08-24,105.0,7.0,35.0,21.0,3.5,3.5,3.5,0.0,7.0,3.5,7.0,0.0,0.0,0.0,0.0,3.5,3.5,0.0,0.0,7.0
2022-08-25,87.5,14.0,24.5,0.0,7.0,7.0,14.0,0.0,3.5,3.5,3.5,3.5,0.0,0.0,3.5,0.0,0.0,0.0,3.5,3.5
2022-08-26,112.0,10.5,7.0,0.0,0.0,0.0,0.0,0.0,3.5,0.0,0.0,0.0,0.0,0.0,3.5,0.0,3.5,3.5,0.0,7.0
2022-08-27,119.0,21.0,14.0,17.5,14.0,3.5,3.5,0.0,0.0,7.0,10.5,3.5,0.0,0.0,0.0,3.5,3.5,3.5,10.5,7.0
2022-08-28,119.0,28.0,10.5,7.0,10.5,0.0,14.0,0.0,7.0,3.5,7.0,3.5,3.5,0.0,7.0,3.5,7.0,0.0,0.0,3.5
2022-08-29,136.5,17.5,24.5,7.0,7.0,7.0,0.0,0.0,0.0,0.0,0.0,0.0,0.0,0.0,0.0,0.0,0.0,0.0,0.0,3.5
2022-08-30,112.0,7.0,35.0,3.5,3.5,14.0,3.5,7.0,7.0,3.5,0.0,0.0,0.0,0.0,0.0,3.5,0.0,3.5,0.0,0.0
2022-08-31,80.5,31.5,14.0,7.0,7.0,10.5,7.0,3.5,0.0,0.0,0.0,7.0,7.0,0.0,14.0,3.5,0.0,0.0,0.0,0.0
2022-09-01,101.5,3.5,21.0,10.5,0.0,3.5,3.5,0.0,3.5,3.5,3.5,0.0,0.0,0.0,0.0,7.0,0.0,0.0,0.0,0.0
2022-09-02,112.0,80.5,14.0,28.0,0.0,0.0,10.5,0.0,10.5,0.0,0.0,3.5,0.0,0.0,10.5,3.5,0.0,0.0,3.5,3.5
2022-09-03,147.0,31.5,49.0,10.5,0.0,0.0,0.0,7.0,10.5,0.0,3.5,10.5,0.0,0.0,0.0,0.0,3.5,0.0,7.0,14.0
2022-09-04,94.5,38.5,17.5,14.0,3.5,10.5,3.5,0.0,0.0,3.5,3.5,3.5,10.5,0.0,0.0,10.5,3.5,3.5,0.0,0.0
2022-09-05,94.5,38.5,24.5,10.5,0.0,0.0,7.0,3.5,10.5,0.0,7.0,0.0,0.0,0.0,3.5,0.0,0.0,0.0,0.0,0.0
2022-09-06,136.5,52.5,7.0,24.5,7.0,3.5,14.0,3.5,3.5,0.0,0.0,0.0,3.5,0.0,3.5,0.0,0.0,0.0,10.5,3.5
2022-09-07,94.5,35.0,38.5,0.0,3.5,0.0,0.0,10.5,3.5,0.0,3.5,3.5,0.0,0.0,0.0,3.5,0.0,10.5,10.5,0.0
2022-09-08,87.5,28.0,119.0,17.5,7.0,0.0,7.0,3.5,3.5,0.0,3.5,3.5,0.0,3.5,10.5,3.5,0.0,0.0,0.0,0.0
2022-09-09,129.5,14.0,21.0,3.5,0.0,0.0,10.5,0.0,0.0,0.0,0.0,0.0,0.0,0.0,0.0,0.0,0.0,0.0,0.0,0.0
2022-09-10,189.0,66.5,7.0,24.5,10.5,3.5,7.0,7.0,10.5,3.5,3.5,7.0,3.5,0.0,3.5,0.0,0.0,0.0,0.0,3.5
2022-09-11,126.0,38.5,24.5,10.5,3.5,0.0,10.5,10.5,3.5,7.0,0.0,0.0,3.5,0.0,0.0,3.5,0.0,3.5,0.0,0.0
2022-09-12,157.5,14.0,7.0,28.0,3.5,3.5,10.5,0.0,3.5,0.0,0.0,3.5,0.0,7.0,0.0,7.0,0.0,3.5,0.0,3.5
2022-09-13,94.5,42.0,3.5,14.0,7.0,3.5,3.5,7.0,3.5,3.5,3.5,3.5,0.0,0.0,0.0,10.5,3.5,7.0,3.5,3.5
2022-09-14,133.0,28.0,45.5,24.5,3.5,3.5,3.5,3.5,0.0,3.5,0.0,0.0,0.0,0.0,3.5,3.5,0.0,3.5,0.0,3.5
2022-09-15,73.5,14.0,3.5,17.5,3.5,3.5,7.0,3.5,0.0,0.0,0.0,3.5,0.0,0.0,3.5,0.0,3.5,3.5,0.0,0.0
2022-09-16,119.0,35.0,3.5,14.0,0.0,0.0,0.0,0.0,0.0,0.0,7.0,3.5,3.5,3.5,3.5,0.0,0.0,0.0,0.0,7.0
2022-09-17,133.0,31.5,17.5,0.0,10.5,0.0,0.0,14.0,7.0,3.5,10.5,3.5,0.0,0.0,7.0,0.0,0.0,3.5,0.0,0.0
2022-09-18,115.5,28.0,10.5,3.5,7.0,7.0,3.5,17.5,0.0,0.0,3.5,0.0,0.0,0.0,0.0,3.5,14.0,0.0,3.5,0.0
2022-09-19,136.5,10.5,10.5,10.5,10.5,3.5,3.5,3.5,0.0,0.0,7.0,0.0,0.0,0.0,0.0,0.0,0.0,3.5,0.0,0.0
2022-09-20,98.0,28.0,14.0,3.5,3.5,7.0,3.5,7.0,0.0,0.0,10.5,0.0,0.0,0.0,7.0,3.5,0.0,3.5,0.0,0.0
2022-09-21,133.0,10.5,3.5,10.5,0.0,10.5,10.5,0.0,3.5,3.5,10.5,0.0,7.0,0.0,7.0,3.5,0.0,3.5,0.0,3.5
2022-09-22,133.0,17.5,24.5,10.5,0.0,0.0,0.0,3.5,0.0,0.0,3.5,0.0,0.0,0.0,3.5,0.0,0.0,7.0,0.0,0.0
2022-09-23,94.5,31.5,38.5,7.0,0.0,10.5,0.0,3.5,0.0,10.5,7.0,0.0,0.0,0.0,0.0,3.5,0.0,0.0,0.0,7.0
2022-09-24,154.0,80.5,7.0,21.0,7.0,0.0,7.0,10.5,0.0,3.5,7.0,0.0,7.0,0.0,0.0,7.0,0.0,0.0,0.0,10.5
2022-09-25,154.0,84.0,28.0,14.0,7.0,0.0,3.5,3.5,3.5,3.5,3.5,7.0,0.0,0.0,0.0,0.0,3.5,3.5,0.0,0.0
2022-09-26,136.5,70.0,24.5,24.5,0.0,0.0,3.5,0.0,10.5,0.0,0.0,3.5,0.0,7.0,3.5,0.0,0.0,3.5,3.5,7.0
2022-09-27,105.0,59.5,0.0,24.5,0.0,3.5,3.5,3.5,3.5,3.5,3.5,0.0,0.0,0.0,0.0,10.5,3.5,0.0,14.0,3.5
2022-09-28,231.0,80.5,24.5,10.5,0.0,0.0,3.5,3.5,7.0,0.0,0.0,0.0,0.0,3.5,7.0,17.5,3.5,0.0,0.0,14.0
2022-09-29,122.5,35.0,7.0,0.0,7.0,0.0,0.0,14.0,0.0,3.5,0.0,0.0,7.0,0.0,3.5,0.0,0.0,3.5,0.0,0.0
2022-09-30,147.0,24.5,28.0,17.5,7.0,0.0,3.5,3.5,3.5,3.5,3.5,0.0,0.0,0.0,0.0,7.0,3.5,0.0,0.0,7.0
2022-10-01,178.5,49.0,52.5,28.0,0.0,0.0,3.5,21.0,7.0,3.5,3.5,0.0,3.5,0.0,17.5,3.5,7.0,3.5,0.0,10.5
2022-10-02,220.5,21.0,10.5,28.0,3.5,7.0,7.0,7.0,3.5,3.5,3.5,0.0,0.0,0.0,0.0,0.0,0.0,0.0,0.0,3.5
2022-10-03,192.5,52.5,31.5,0.0,7.0,0.0,7.0,14.0,7.0,0.0,3.5,0.0,0.0,3.5,3.5,0.0,0.0,3.5,7.0,0.0
2022-10-04,119.0,45.5,70.0,14.0,0.0,3.5,10.5,0.0,0.0,3.5,3.5,0.0,10.5,0.0,3.5,0.0,0.0,3.5,0.0,3.5
2022-10-05,161.0,14.0,17.5,14.0,7.0,0.0,17.5,0.0,3.5,3.5,0.0,10.5,0.0,0.0,0.0,7.0,0.0,7.0,0.0,0.0
2022-10-06,101.5,21.0,10.5,3.5,14.0,0.0,7.0,10.5,0.0,0.0,7.0,0.0,0.0,0.0,0.0,0.0,3.5,3.5,0.0,7.0
2022-10-07,80.5,10.5,0.0,70.0,3.5,3.5,10.5,7.0,7.0,10.5,0.0,3.5,7.0,0.0,0.0,0.0,0.0,3.5,0.0,0.0
2022-10-08,143.5,45.5,10.5,35.0,0.0,3.5,0.0,3.5,10.5,10.5,0.0,7.0,3.5,0.0,0.0,3.5,0.0,3.5,0.0,3.5
2022-10-09,154.0,17.5,3.5,0.0,0.0,7.0,7.0,3.5,0.0,3.5,0.0,0.0,3.5,0.0,3.5,0.0,7.0,0.0,0.0,0.0
2022-10-10,168.0,28.0,0.0,31.5,0.0,10.5,3.5,0.0,3.5,3.5,0.0,7.0,3.5,0.0,7.0,0.0,0.0,0.0,3.5,0.0
2022-10-11,105.0,21.0,3.5,3.5,10.5,3.5,7.0,3.5,0.0,3.5,3.5,3.5,0.0,0.0,3.5,3.5,0.0,0.0,0.0,0.0
2022-10-12,87.5,21.0,0.0,21.0,3.5,3.5,7.0,3.5,0.0,3.5,0.0,3.5,3.5,0.0,3.5,0.0,0.0,0.0,0.0,0.0
2022-10-13,140.0,21.0,7.0,3.5,0.0,3.5,7.0,10.5,3.5,0.0,0.0,3.5,0.0,3.5,0.0,0.0,0.0,3.5,0.0,3.5
2022-10-14,94.5,45.5,3.5,10.5,0.0,3.5,0.0,0.0,7.0,0.0,0.0,0.0,0.0,0.0,0.0,0.0,0.0,3.5,3.5,0.0
2022-10-15,140.0,42.0,0.0,10.5,0.0,7.0,7.0,7.0,3.5,10.5,3.5,0.0,3.5,0.0,0.0,10.5,3.5,3.5,3.5,7.0
2022-10-16,140.0,21.0,3.5,31.5,7.0,7.0,10.5,3.5,0.0,3.5,3.5,0.0,0.0,0.0,7.0,7.0,0.0,3.5,0.0,3.5
2022-10-17,91.0,38.5,17.5,14.0,10.5,7.0,14.0,0.0,10.5,7.0,3.5,21.0,0.0,0.0,3.5,0.0,0.0,3.5,3.5,0.0
2022-10-18,115.5,14.0,3.5,10.5,3.5,3.5,7.0,7.0,3.5,0.0,0.0,3.5,3.5,0.0,3.5,0.0,3.5,0.0,10.5,0.0
2022-10-19,73.5,7.0,0.0,14.0,7.0,3.5,3.5,10.5,7.0,0.0,0.0,0.0,0.0,0.0,3.5,7.0,0.0,0.0,0.0,7.0
2022-10-20,84.0,10.5,14.0,3.5,10.5,3.5,3.5,0.0,14.0,3.5,0.0,3.5,0.0,0.0,0.0,0.0,0.0,7.0,0.0,10.5
2022-10-21,91.0,17.5,0.0,0.0,7.0,3.5,10.5,0.0,7.0,7.0,0.0,0.0,0.0,0.0,0.0,3.5,0.0,0.0,0.0,0.0
2022-10-22,185.5,28.0,17.5,0.0,7.0,0.0,0.0,7.0,0.0,3.5,7.0,3.5,3.5,0.0,3.5,3.5,0.0,3.5,0.0,3.5
2022-10-23,178.5,21.0,3.5,3.5,7.0,3.5,7.0,10.5,3.5,3.5,3.5,0.0,3.5,3.5,0.0,0.0,7.0,3.5,0.0,0.0
2022-10-24,164.5,45.5,7.0,7.0,0.0,0.0,3.5,0.0,0.0,7.0,0.0,0.0,3.5,0.0,0.0,0.0,0.0,0.0,3.5,0.0
2022-10-25,80.5,24.5,3.5,7.0,10.5,3.5,3.5,0.0,7.0,7.0,0.0,0.0,0.0,7.0,0.0,0.0,0.0,0.0,7.0,0.0
2022-10-26,98.0,24.5,0.0,3.5,0.0,3.5,0.0,3.5,3.5,3.5,0.0,0.0,0.0,3.5,0.0,3.5,3.5,3.5,14.0,0.0
2022-10-27,115.5,7.0,14.0,7.0,3.5,10.5,3.5,3.5,0.0,0.0,0.0,7.0,3.5,0.0,0.0,0.0,3.5,0.0,3.5,0.0
2022-10-28,91.0,31.5,0.0,21.0,7.0,0.0,3.5,10.5,7.0,0.0,0.0,0.0,0.0,0.0,0.0,0.0,0.0,0.0,28.0,0.0
2022-10-29,154.0,35.0,7.0,10.5,7.0,3.5,7.0,0.0,3.5,3.5,3.5,3.5,3.5,0.0,3.5,10.5,0.0,7.0,14.0,7.0
2022-10-30,164.5,31.5,7.0,10.5,10.5,3.5,7.0,0.0,10.5,0.0,0.0,0.0,3.5,3.5,3.5,3.5,7.0,0.0,0.0,3.5
2022-10-31,133.0,21.0,3.5,21.0,3.5,0.0,0.0,0.0,3.5,0.0,0.0,7.0,0.0,0.0,0.0,7.0,0.0,7.0,0.0,7.0
2022-11-01,129.5,38.5,17.5,7.0,7.0,0.0,10.5,3.5,7.0,7.0,0.0,0.0,0.0,3.5,0.0,0.0,0.0,3.5,0.0,0.0
2022-11-02,147.0,7.0,7.0,3.5,0.0,3.5,0.0,7.0,3.5,0.0,3.5,7.0,0.0,0.0,0.0,7.0,3.5,0.0,0.0,3.5
2022-11-03,94.5,10.5,56.0,17.5,10.5,0.0,0.0,3.5,3.5,3.5,3.5,28.0,0.0,3.5,0.0,3.5,3.5,0.0,10.5,3.5
2022-11-04,133.0,21.0,0.0,14.0,7.0,3.5,7.0,3.5,14.0,0.0,0.0,0.0,0.0,0.0,0.0,0.0,0.0,0.0,0.0,0.0
2022-11-05,241.5,28.0,10.5,10.5,17.5,3.5,10.5,3.5,10.5,7.0,3.5,0.0,3.5,0.0,0.0,3.5,0.0,3.5,17.5,0.0
2022-11-06,294.0,31.5,0.0,10.5,17.5,21.0,14.0,14.0,10.5,10.5,0.0,3.5,0.0,0.0,3.5,0.0,7.0,0.0,10.5,7.0
2022-11-07,182.0,31.5,10.5,7.0,3.5,3.5,7.0,17.5,3.5,7.0,0.0,0.0,7.0,0.0,3.5,0.0,3.5,0.0,7.0,3.5
2022-11-08,175.0,14.0,0.0,21.0,3.5,3.5,0.0,0.0,7.0,7.0,0.0,0.0,0.0,0.0,0.0,0.0,0.0,0.0,0.0,0.0
2022-11-09,126.0,42.0,0.0,10.5,7.0,0.0,10.5,3.5,3.5,3.5,0.0,0.0,3.5,3.5,0.0,0.0,0.0,7.0,0.0,7.0
2022-11-10,164.5,17.5,10.5,0.0,7.0,3.5,17.5,3.5,7.0,3.5,0.0,7.0,0.0,3.5,0.0,0.0,0.0,0.0,7.0,3.5
2022-11-11,161.0,17.5,0.0,3.5,7.0,7.0,3.5,3.5,7.0,3.5,0.0,0.0,0.0,0.0,0.0,0.0,7.0,7.0,3.5,0.0
2022-11-12,301.0,31.5,3.5,14.0,3.5,14.0,10.5,14.0,0.0,14.0,7.0,21.0,3.5,0.0,3.5,3.5,0.0,7.0,0.0,0.0
2022-11-13,290.5,42.0,0.0,3.5,3.5,7.0,10.5,14.0,7.0,3.5,3.5,7.0,0.0,0.0,0.0,7.0,0.0,0.0,7.0,3.5
2022-11-14,304.5,28.0,28.0,0.0,0.0,14.0,0.0,0.0,7.0,0.0,7.0,3.5,0.0,14.0,0.0,3.5,7.0,3.5,0.0,0.0
2022-11-15,290.5,38.5,10.5,17.5,3.5,7.0,3.5,0.0,3.5,3.5,3.5,3.5,3.5,10.5,0.0,10.5,0.0,0.0,7.0,0.0
2022-11-16,367.5,35.0,52.5,28.0,14.0,7.0,7.0,3.5,0.0,7.0,3.5,10.5,7.0,0.0,10.5,3.5,14.0,0.0,0.0,0.0
2022-11-17,378.0,31.5,133.0,10.5,17.5,14.0,10.5,3.5,3.5,14.0,14.0,3.5,0.0,7.0,0.0,0.0,7.0,10.5,0.0,10.5
2022-11-18,717.5,77.0,84.0,17.5,28.0,45.5,24.5,0.0,24.5,21.0,0.0,10.5,7.0,10.5,3.5,17.5,7.0,3.5,17.5,7.0
2022-11-19,1410.5,101.5,143.5,59.5,56.0,38.5,42.0,17.5,21.0,21.0,45.5,31.5,14.0,28.0,3.5,14.0,24.5,0.0,17.5,3.5
2022-11-20,1526.0,91.0,161.0,35.0,87.5,56.0,63.0,17.5,31.5,24.5,31.5,24.5,10.5,10.5,0.0,28.0,24.5,7.0,3.5,3.5
2022-11-21,2194.5,213.5,206.5,66.5,73.5,91.0,115.5,31.5,42.0,45.5,84.0,28.0,35.0,35.0,3.5,24.5,21.0,10.5,17.5,7.0
2022-11-22,367.5,38.5,59.5,10.5,14.0,17.5,7.0,7.0,0.0,0.0,7.0,0.0,3.5,21.0,7.0,0.0,24.5,0.0,3.5,3.5
2022-11-23,245.0,14.0,10.5,0.0,14.0,14.0,7.0,3.5,10.5,3.5,0.0,7.0,3.5,0.0,0.0,0.0,10.5,0.0,0.0,0.0
2022-11-24,185.5,3.5,49.0,10.5,0.0,7.0,7.0,3.5,7.0,3.5,0.0,0.0,3.5,0.0,0.0,0.0,7.0,0.0,3.5,3.5
2022-11-25,143.5,7.0,17.5,10.5,0.0,10.5,7.0,3.5,10.5,0.0,0.0,0.0,3.5,10.5,0.0,3.5,0.0,0.0,0.0,0.0
2022-11-26,185.5,28.0,24.5,0.0,21.0,17.5,3.5,3.5,7.0,7.0,3.5,0.0,0.0,3.5,3.5,0.0,17.5,3.5,7.0,0.0
2022-11-27,227.5,24.5,7.0,14.0,7.0,3.5,10.5,0.0,0.0,7.0,3.5,0.0,7.0,0.0,0.0,3.5,3.5,0.0,7.0,0.0
2022-11-28,178.5,7.0,10.5,3.5,7.0,0.0,10.5,3.5,7.0,3.5,7.0,3.5,3.5,0.0,0.0,7.0,0.0,0.0,7.0,0.0
2022-11-29,227.5,35.0,42.0,10.5,3.5,7.0,3.5,3.5,3.5,3.5,3.5,10.5,7.0,7.0,3.5,0.0,0.0,0.0,3.5,0.0
2022-11-30,171.5,10.5,14.0,17.5,10.5,10.5,17.5,0.0,7.0,0.0,3.5,21.0,0.0,0.0,0.0,10.5,0.0,0.0,0.0,0.0
2022-12-01,168.0,91.0,24.5,3.5,21.0,3.5,3.5,3.5,7.0,7.0,0.0,7.0,0.0,0.0,0.0,0.0,0.0,3.5,0.0,0.0
2022-12-02,133.0,24.5,10.5,24.5,7.0,0.0,0.0,0.0,10.5,0.0,3.5,7.0,0.0,0.0,0.0,0.0,10.5,0.0,0.0,3.5
2022-12-03,283.5,45.5,38.5,21.0,17.5,7.0,0.0,3.5,3.5,0.0,10.5,0.0,3.5,17.5,0.0,0.0,0.0,0.0,0.0,0.0
2022-12-04,206.5,45.5,28.0,17.5,10.5,0.0,3.5,0.0,3.5,3.5,3.5,0.0,14.0,0.0,0.0,0.0,0.0,0.0,0.0,0.0
2022-12-05,276.5,28.0,21.0,14.0,7.0,0.0,0.0,3.5,14.0,0.0,3.5,0.0,0.0,3.5,0.0,0.0,3.5,0.0,7.0,0.0
2022-12-06,262.5,66.5,24.5,28.0,17.5,0.0,0.0,0.0,3.5,0.0,0.0,0.0,0.0,3.5,0.0,7.0,0.0,3.5,0.0,3.5
2022-12-07,98.0,38.5,10.5,3.5,14.0,0.0,3.5,0.0,7.0,7.0,3.5,3.5,0.0,0.0,0.0,0.0,7.0,0.0,0.0,3.5
2022-12-08,115.5,38.5,49.0,14.0,7.0,0.0,3.5,0.0,0.0,0.0,0.0,3.5,3.5,3.5,0.0,0.0,0.0,0.0,3.5,0.0
2022-12-09,168.0,42.0,7.0,10.5,7.0,0.0,3.5,21.0,3.5,0.0,0.0,0.0,7.0,3.5,0.0,0.0,0.0,0.0,7.0,0.0
2022-12-10,308.0,24.5,35.0,10.5,21.0,0.0,3.5,0.0,14.0,0.0,3.5,0.0,10.5,0.0,7.0,0.0,0.0,3.5,21.0,0.0
2022-12-11,266.0,45.5,24.5,14.0,42.0,0.0,0.0,0.0,7.0,0.0,14.0,3.5,7.0,10.5,3.5,10.5,0.0,0.0,3.5,0.0
2022-12-12,266.0,59.5,38.5,24.5,3.5,3.5,0.0,0.0,3.5,3.5,0.0,0.0,0.0,3.5,0.0,0.0,0.0,3.5,3.5,3.5
2022-12-13,192.5,42.0,17.5,24.5,3.5,0.0,0.0,10.5,3.5,0.0,3.5,14.0,3.5,3.5,0.0,0.0,3.5,0.0,10.5,0.0
2022-12-14,217.0,42.0,14.0,17.5,7.0,42.0,7.0,3.5,10.5,0.0,3.5,0.0,7.0,3.5,3.5,0.0,3.5,3.5,3.5,0.0
2022-12-15,252.0,42.0,17.5,49.0,0.0,0.0,3.5,3.5,3.5,0.0,3.5,0.0,7.0,7.0,0.0,0.0,0.0,0.0,7.0,3.5
2022-12-16,178.5,31.5,28.0,31.5,24.5,7.0,0.0,7.0,21.0,0.0,3.5,3.5,10.5,3.5,0.0,0.0,0.0,0.0,0.0,0.0
2022-12-17,269.5,49.0,52.5,21.0,28.0,3.5,0.0,10.5,7.0,7.0,10.5,7.0,0.0,14.0,3.5,0.0,3.5,3.5,14.0,7.0
2022-12-18,266.0,45.5,24.5,35.0,28.0,3.5,7.0,10.5,10.5,0.0,0.0,0.0,3.5,0.0,3.5,3.5,3.5,3.5,14.0,0.0
2022-12-19,360.5,31.5,70.0,17.5,7.0,3.5,3.5,3.5,7.0,3.5,3.5,7.0,0.0,14.0,3.5,0.0,0.0,0.0,17.5,0.0
2022-12-20,252.0,38.5,42.0,38.5,21.0,0.0,7.0,0.0,3.5,0.0,7.0,7.0,0.0,7.0,0.0,10.5,0.0,0.0,7.0,7.0
2022-12-21,280.0,24.5,59.5,31.5,3.5,0.0,0.0,10.5,14.0,0.0,7.0,0.0,3.5,0.0,3.5,3.5,0.0,3.5,24.5,3.5
2022-12-22,231.0,24.5,35.0,21.0,24.5,0.0,0.0,3.5,7.0,0.0,3.5,7.0,3.5,14.0,0.0,0.0,0.0,0.0,10.5,0.0
2022-12-23,213.5,73.5,14.0,35.0,14.0,3.5,3.5,3.5,3.5,0.0,7.0,0.0,3.5,3.5,0.0,0.0,0.0,0.0,0.0,0.0
2022-12-24,77.0,17.5,17.5,3.5,3.5,0.0,0.0,0.0,0.0,0.0,0.0,0.0,0.0,3.5,0.0,0.0,0.0,0.0,0.0,0.0
2022-12-25,7.0,0.0,0.0,0.0,0.0,0.0,0.0,0.0,0.0,0.0,0.0,0.0,0.0,0.0,0.0,0.0,0.0,0.0,0.0,0.0
2022-12-26,430.5,52.5,28.0,35.0,14.0,0.0,0.0,0.0,17.5,0.0,10.5,3.5,7.0,0.0,7.0,7.0,0.0,3.5,14.0,0.0
2022-12-27,290.5,52.5,31.5,14.0,10.5,3.5,0.0,14.0,10.5,0.0,3.5,0.0,3.5,3.5,3.5,3.5,0.0,3.5,7.0,0.0
2022-12-28,322.0,59.5,38.5,21.0,14.0,3.5,0.0,0.0,7.0,0.0,10.5,0.0,0.0,3.5,0.0,3.5,0.0,3.5,7.0,3.5
2022-12-29,248.5,42.0,24.5,24.5,10.5,3.5,3.5,0.0,14.0,0.0,14.0,0.0,3.5,0.0,0.0,0.0,0.0,3.5,17.5,0.0
2022-12-30,252.0,73.5,35.0,66.5,17.5,0.0,0.0,3.5,3.5,0.0,10.5,3.5,0.0,7.0,10.5,0.0,0.0,0.0,0.0,0.0
2022-12-31,182.0,38.5,24.5,14.0,17.5,0.0,3.5,7.0,14.0,0.0,0.0,3.5,0.0,0.0,0.0,0.0,3.5,0.0,10.5,0.0
2023-01-01,3.5,0.0,0.0,0.0,0.0,0.0,0.0,0.0,0.0,0.0,0.0,0.0,0.0,0.0,0.0,0.0,0.0,0.0,0.0,0.0
2023-01-02,217.0,49.0,77.0,24.5,14.0,7.0,3.5,7.0,17.5,0.0,3.5,7.0,0.0,3.5,0.0,3.5,0.0,0.0,21.0,0.0
2023-01-03,217.0,45.5,45.5,24.5,17.5,0.0,0.0,0.0,10.5,3.5,7.0,0.0,0.0,28.0,7.0,0.0,0.0,3.5,3.5,0.0
2023-01-04,213.5,38.5,24.5,10.5,10.5,0.0,3.5,0.0,21.0,0.0,10.5,0.0,7.0,0.0,3.5,0.0,0.0,3.5,14.0,0.0
2023-01-05,185.5,38.5,31.5,14.0,3.5,0.0,7.0,0.0,0.0,0.0,3.5,0.0,0.0,3.5,0.0,0.0,3.5,3.5,3.5,0.0
2023-01-06,227.5,45.5,24.5,3.5,14.0,0.0,0.0,0.0,0.0,17.5,7.0,3.5,3.5,0.0,0.0,0.0,0.0,0.0,0.0,0.0
2023-01-07,287.0,56.0,17.5,3.5,3.5,3.5,3.5,10.5,3.5,7.0,0.0,0.0,0.0,0.0,3.5,3.5,0.0,0.0,3.5,0.0
2023-01-08,269.5,14.0,10.5,7.0,14.0,0.0,7.0,0.0,10.5,7.0,0.0,10.5,7.0,0.0,3.5,0.0,0.0,3.5,3.5,0.0
2023-01-09,220.5,45.5,3.5,21.0,10.5,3.5,3.5,3.5,7.0,7.0,0.0,3.5,3.5,0.0,3.5,0.0,3.5,0.0,0.0,0.0
2023-01-10,178.5,28.0,3.5,24.5,14.0,3.5,3.5,7.0,7.0,3.5,0.0,7.0,10.5,0.0,3.5,0.0,0.0,0.0,0.0,0.0
2023-01-11,196.0,38.5,7.0,7.0,14.0,3.5,7.0,0.0,0.0,3.5,0.0,7.0,10.5,0.0,3.5,3.5,3.5,0.0,7.0,0.0
2023-01-12,168.0,42.0,28.0,14.0,7.0,7.0,3.5,10.5,7.0,3.5,7.0,7.0,0.0,0.0,3.5,3.5,0.0,0.0,3.5,0.0
2023-01-13,147.0,35.0,17.5,10.5,3.5,3.5,3.5,3.5,3.5,0.0,3.5,21.0,3.5,0.0,0.0,0.0,0.0,0.0,3.5,0.0
2023-01-14,252.0,94.5,24.5,10.5,3.5,0.0,17.5,7.0,0.0,0.0,3.5,0.0,7.0,7.0,10.5,7.0,0.0,0.0,0.0,7.0
2023-01-15,290.5,49.0,7.0,7.0,14.0,0.0,0.0,0.0,10.5,0.0,10.5,0.0,3.5,0.0,0.0,0.0,0.0,0.0,0.0,0.0
2023-01-16,280.0,49.0,14.0,14.0,7.0,14.0,7.0,0.0,17.5,3.5,0.0,3.5,3.5,0.0,7.0,3.5,0.0,0.0,3.5,0.0
2023-01-17,241.5,42.0,24.5,0.0,0.0,7.0,0.0,10.5,14.0,3.5,7.0,14.0,3.5,0.0,0.0,0.0,0.0,0.0,3.5,0.0
2023-01-18,147.0,35.0,168.0,3.5,3.5,3.5,3.5,7.0,7.0,3.5,0.0,3.5,3.5,3.5,0.0,0.0,3.5,0.0,0.0,0.0
2023-01-19,185.5,31.5,52.5,10.5,3.5,7.0,0.0,0.0,3.5,0.0,7.0,7.0,3.5,3.5,0.0,3.5,0.0,0.0,0.0,0.0
2023-01-20,140.0,17.5,7.0,3.5,3.5,7.0,14.0,0.0,0.0,0.0,3.5,0.0,0.0,0.0,7.0,0.0,0.0,0.0,10.5,0.0
2023-01-21,262.5,70.0,56.0,10.5,7.0,7.0,7.0,0.0,3.5,0.0,3.5,14.0,3.5,0.0,10.5,0.0,0.0,0.0,0.0,3.5
2023-01-22,248.5,49.0,7.0,0.0,14.0,3.5,7.0,3.5,0.0,7.0,10.5,7.0,3.5,3.5,3.5,3.5,0.0,3.5,0.0,0.0
2023-01-23,178.5,63.0,14.0,10.5,0.0,7.0,7.0,10.5,3.5,7.0,0.0,0.0,0.0,0.0,0.0,3.5,3.5,7.0,0.0,0.0
2023-01-24,175.0,31.5,17.5,0.0,3.5,10.5,3.5,0.0,3.5,0.0,0.0,0.0,0.0,0.0,0.0,0.0,0.0,0.0,7.0,3.5
2023-01-25,122.5,17.5,14.0,10.5,10.5,3.5,3.5,0.0,7.0,3.5,0.0,7.0,3.5,0.0,0.0,0.0,0.0,0.0,0.0,3.5
2023-01-26,203.0,10.5,24.5,17.5,0.0,0.0,10.5,3.5,3.5,0.0,0.0,10.5,0.0,0.0,0.0,0.0,0.0,0.0,0.0,0.0
2023-01-27,133.0,28.0,73.5,0.0,0.0,0.0,7.0,0.0,7.0,0.0,0.0,3.5,3.5,0.0,0.0,0.0,0.0,0.0,0.0,0.0
2023-01-28,353.5,49.0,31.5,17.5,7.0,7.0,7.0,14.0,3.5,7.0,10.5,17.5,3.5,0.0,3.5,3.5,7.0,3.5,0.0,0.0
2023-01-29,227.5,24.5,24.5,7.0,10.5,17.5,0.0,0.0,3.5,7.0,3.5,7.0,3.5,0.0,3.5,21.0,0.0,0.0,0.0,7.0
2023-01-30,213.5,56.0,31.5,17.5,7.0,0.0,3.5,3.5,0.0,0.0,0.0,31.5,0.0,0.0,0.0,0.0,0.0,14.0,0.0,3.5
2023-01-31,231.0,38.5,38.5,10.5,3.5,3.5,10.5,0.0,3.5,0.0,3.5,0.0,3.5,0.0,0.0,3.5,3.5,3.5,0.0,0.0
2023-02-01,178.5,84.0,10.5,7.0,3.5,7.0,3.5,0.0,0.0,3.5,7.0,3.5,3.5,0.0,0.0,0.0,0.0,0.0,3.5,0.0
2023-02-02,168.0,31.5,7.0,3.5,10.5,3.5,0.0,0.0,0.0,3.5,0.0,7.0,3.5,7.0,7.0,0.0,0.0,0.0,3.5,3.5
2023-02-03,154.0,28.0,10.5,3.5,0.0,3.5,10.5,0.0,3.5,3.5,3.5,7.0,0.0,3.5,3.5,0.0,0.0,0.0,0.0,0.0
2023-02-04,294.0,35.0,21.0,14.0,10.5,3.5,7.0,14.0,10.5,0.0,0.0,7.0,10.5,7.0,3.5,0.0,3.5,0.0,7.0,0.0
2023-02-05,234.5,59.5,10.5,0.0,7.0,10.5,3.5,10.5,3.5,0.0,7.0,10.5,3.5,0.0,0.0,7.0,3.5,0.0,3.5,0.0
2023-02-06,357.0,52.5,7.0,17.5,17.5,17.5,17.5,7.0,3.5,3.5,3.5,7.0,3.5,0.0,3.5,0.0,3.5,0.0,3.5,0.0
2023-02-07,182.0,17.5,7.0,10.5,42.0,7.0,0.0,0.0,3.5,0.0,3.5,0.0,3.5,14.0,0.0,0.0,0.0,0.0,0.0,0.0
2023-02-08,171.5,66.5,3.5,7.0,3.5,3.5,0.0,10.5,10.5,3.5,0.0,0.0,0.0,17.5,7.0,3.5,3.5,0.0,3.5,3.5
2023-02-09,140.0,35.0,24.5,3.5,3.5,7.0,7.0,7.0,0.0,0.0,3.5,0.0,0.0,17.5,3.5,0.0,7.0,0.0,0.0,3.5
2023-02-10,185.5,21.0,14.0,7.0,0.0,10.5,0.0,14.0,10.5,10.5,0.0,3.5,0.0,0.0,3.5,0.0,3.5,0.0,3.5,0.0
2023-02-11,315.0,52.5,10.5,17.5,7.0,3.5,7.0,3.5,3.5,0.0,0.0,7.0,0.0,0.0,0.0,3.5,0.0,0.0,3.5,3.5
2023-02-12,182.0,7.0,28.0,10.5,14.0,7.0,3.5,3.5,3.5,3.5,0.0,7.0,7.0,3.5,0.0,7.0,7.0,3.5,7.0,0.0
2023-02-13,192.5,35.0,66.5,0.0,7.0,7.0,14.0,0.0,10.5,3.5,0.0,3.5,7.0,7.0,0.0,7.0,0.0,3.5,3.5,0.0
2023-02-14,147.0,28.0,0.0,3.5,7.0,3.5,0.0,0.0,7.0,3.5,0.0,0.0,3.5,0.0,0.0,0.0,10.5,0.0,0.0,0.0
2023-02-15,168.0,63.0,14.0,7.0,17.5,7.0,3.5,3.5,7.0,3.5,0.0,7.0,0.0,3.5,3.5,3.5,3.5,3.5,7.0,0.0
2023-02-16,164.5,101.5,21.0,98.0,7.0,7.0,7.0,7.0,0.0,14.0,3.5,0.0,0.0,0.0,3.5,0.0,0.0,0.0,3.5,0.0
2023-02-17,143.5,38.5,7.0,21.0,0.0,10.5,10.5,7.0,7.0,3.5,0.0,24.5,3.5,0.0,0.0,0.0,3.5,0.0,0.0,3.5
2023-02-18,255.5,17.5,28.0,7.0,7.0,0.0,3.5,14.0,3.5,0.0,3.5,10.5,3.5,52.5,0.0,0.0,0.0,0.0,7.0,0.0
2023-02-19,224.0,21.0,10.5,0.0,3.5,7.0,3.5,3.5,3.5,3.5,3.5,0.0,0.0,3.5,0.0,3.5,7.0,0.0,0.0,17.5
2023-02-20,171.5,17.5,14.0,7.0,0.0,0.0,7.0,10.5,7.0,0.0,7.0,3.5,3.5,7.0,3.5,3.5,3.5,0.0,0.0,3.5
2023-02-21,199.5,35.0,0.0,3.5,0.0,3.5,3.5,0.0,0.0,0.0,0.0,3.5,3.5,3.5,0.0,3.5,0.0,0.0,0.0,3.5
2023-02-22,129.5,14.0,91.0,7.0,3.5,0.0,3.5,3.5,3.5,0.0,3.5,7.0,0.0,0.0,3.5,3.5,0.0,3.5,14.0,0.0
2023-02-23,154.0,3.5,7.0,0.0,7.0,0.0,0.0,0.0,0.0,0.0,10.5,10.5,0.0,0.0,7.0,0.0,3.5,0.0,0.0,3.5
2023-02-24,150.5,7.0,17.5,3.5,7.0,0.0,7.0,3.5,3.5,3.5,3.5,3.5,0.0,0.0,7.0,7.0,0.0,3.5,3.5,0.0
2023-02-25,252.0,35.0,49.0,14.0,3.5,3.5,3.5,3.5,3.5,3.5,7.0,3.5,3.5,7.0,0.0,3.5,3.5,3.5,3.5,3.5
2023-02-26,262.5,14.0,10.5,7.0,10.5,24.5,0.0,7.0,3.5,3.5,7.0,3.5,0.0,0.0,0.0,3.5,3.5,0.0,0.0,3.5
2023-02-27,217.0,17.5,17.5,7.0,17.5,0.0,3.5,10.5,3.5,7.0,3.5,3.5,0.0,10.5,0.0,3.5,3.5,7.0,0.0,0.0
2023-02-28,182.0,31.5,7.0,3.5,17.5,0.0,0.0,10.5,3.5,0.0,0.0,10.5,0.0,7.0,0.0,7.0,0.0,0.0,3.5,0.0
2023-03-01,199.5,21.0,14.0,3.5,0.0,10.5,10.5,0.0,0.0,3.5,3.5,7.0,0.0,3.5,0.0,0.0,0.0,3.5,0.0,0.0
2023-03-02,157.5,21.0,10.5,10.5,7.0,3.5,7.0,0.0,7.0,0.0,0.0,0.0,3.5,0.0,3.5,3.5,3.5,0.0,3.5,7.0
2023-03-03,185.5,59.5,21.0,7.0,10.5,14.0,3.5,3.5,3.5,7.0,0.0,3.5,3.5,0.0,0.0,0.0,3.5,3.5,0.0,0.0
2023-03-04,220.5,42.0,3.5,7.0,7.0,3.5,10.5,0.0,10.5,7.0,10.5,0.0,3.5,3.5,10.5,7.0,0.0,0.0,0.0,3.5
2023-03-05,318.5,35.0,10.5,14.0,10.5,3.5,10.5,0.0,10.5,0.0,3.5,0.0,7.0,0.0,0.0,7.0,0.0,14.0,0.0,10.5
2023-03-06,150.5,38.5,21.0,7.0,7.0,0.0,7.0,7.0,10.5,3.5,0.0,0.0,3.5,3.5,10.5,3.5,3.5,0.0,3.5,3.5
2023-03-07,112.0,21.0,52.5,10.5,17.5,7.0,3.5,14.0,7.0,14.0,10.5,0.0,3.5,3.5,0.0,0.0,7.0,3.5,3.5,3.5
2023-03-08,227.5,35.0,73.5,17.5,10.5,10.5,7.0,10.5,21.0,0.0,0.0,0.0,3.5,0.0,3.5,3.5,0.0,0.0,7.0,14.0
2023-03-09,157.5,28.0,28.0,3.5,10.5,0.0,0.0,3.5,3.5,3.5,0.0,0.0,0.0,3.5,0.0,3.5,0.0,3.5,0.0,3.5
2023-03-10,101.5,31.5,7.0,14.0,7.0,0.0,0.0,0.0,0.0,0.0,0.0,0.0,7.0,0.0,0.0,0.0,0.0,0.0,0.0,3.5
2023-03-11,238.0,35.0,24.5,21.0,17.5,17.5,10.5,7.0,7.0,3.5,10.5,3.5,14.0,0.0,7.0,0.0,17.5,3.5,3.5,0.0
2023-03-12,203.0,24.5,0.0,17.5,17.5,7.0,3.5,10.5,3.5,7.0,7.0,3.5,3.5,3.5,7.0,7.0,14.0,0.0,0.0,7.0
2023-03-13,112.0,24.5,52.5,14.0,7.0,7.0,3.5,7.0,7.0,7.0,0.0,3.5,10.5,0.0,0.0,0.0,0.0,0.0,0.0,0.0
2023-03-14,171.5,24.5,24.5,21.0,10.5,3.5,7.0,3.5,7.0,7.0,0.0,0.0,3.5,0.0,0.0,3.5,0.0,0.0,0.0,3.5
2023-03-15,189.0,63.0,31.5,21.0,0.0,7.0,3.5,0.0,7.0,0.0,7.0,0.0,7.0,0.0,3.5,0.0,0.0,3.5,7.0,0.0
2023-03-16,206.5,35.0,24.5,17.5,7.0,10.5,0.0,0.0,3.5,3.5,0.0,3.5,0.0,3.5,7.0,7.0,0.0,0.0,0.0,0.0
2023-03-17,133.0,14.0,24.5,24.5,17.5,0.0,7.0,0.0,7.0,0.0,3.5,0.0,3.5,0.0,7.0,3.5,0.0,0.0,3.5,3.5
2023-03-18,245.0,31.5,24.5,17.5,14.0,0.0,7.0,3.5,3.5,7.0,3.5,10.5,3.5,7.0,3.5,0.0,0.0,3.5,3.5,3.5
2023-03-19,161.0,21.0,10.5,14.0,0.0,31.5,7.0,0.0,3.5,7.0,0.0,0.0,7.0,0.0,7.0,0.0,3.5,0.0,3.5,3.5
2023-03-20,304.5,49.0,31.5,10.5,28.0,3.5,14.0,3.5,3.5,14.0,7.0,24.5,0.0,0.0,3.5,3.5,0.0,3.5,3.5,0.0
2023-03-21,157.5,28.0,7.0,7.0,14.0,3.5,0.0,0.0,0.0,0.0,0.0,3.5,7.0,0.0,0.0,3.5,0.0,0.0,0.0,3.5
2023-03-22,154.0,24.5,14.0,3.5,3.5,14.0,7.0,3.5,3.5,3.5,0.0,3.5,3.5,0.0,0.0,7.0,0.0,0.0,0.0,0.0
2023-03-23,147.0,31.5,35.0,3.5,3.5,3.5,3.5,3.5,3.5,0.0,3.5,7.0,7.0,10.5,3.5,0.0,0.0,0.0,0.0,7.0
2023-03-24,161.0,31.5,56.0,17.5,14.0,7.0,3.5,7.0,3.5,3.5,3.5,3.5,0.0,0.0,14.0,0.0,0.0,0.0,0.0,0.0
2023-03-25,287.0,21.0,17.5,14.0,24.5,7.0,7.0,3.5,0.0,0.0,3.5,0.0,7.0,0.0,3.5,17.5,0.0,3.5,0.0,3.5
2023-03-26,336.0,35.0,28.0,7.0,35.0,17.5,14.0,0.0,7.0,14.0,17.5,0.0,3.5,0.0,0.0,10.5,0.0,3.5,7.0,7.0
2023-03-27,213.5,45.5,10.5,3.5,7.0,0.0,0.0,3.5,3.5,10.5,7.0,0.0,3.5,0.0,0.0,0.0,0.0,7.0,3.5,0.0
2023-03-28,199.5,56.0,21.0,0.0,10.5,7.0,10.5,3.5,0.0,7.0,0.0,0.0,0.0,0.0,0.0,0.0,0.0,0.0,3.5,7.0
2023-03-29,101.5,17.5,94.5,21.0,24.5,0.0,3.5,0.0,7.0,7.0,0.0,0.0,0.0,3.5,3.5,0.0,0.0,0.0,0.0,0.0
2023-03-30,486.5,24.5,108.5,0.0,10.5,0.0,3.5,3.5,0.0,7.0,10.5,3.5,3.5,0.0,0.0,0.0,0.0,3.5,7.0,0.0
2023-03-31,308.0,45.5,38.5,31.5,14.0,3.5,0.0,0.0,3.5,0.0,0.0,0.0,3.5,0.0,0.0,0.0,3.5,0.0,0.0,0.0
2023-04-01,294.0,56.0,38.5,10.5,7.0,0.0,3.5,14.0,14.0,3.5,17.5,0.0,0.0,0.0,7.0,7.0,0.0,0.0,3.5,3.5
2023-04-02,213.5,28.0,28.0,42.0,10.5,10.5,0.0,17.5,0.0,3.5,10.5,0.0,0.0,0.0,3.5,0.0,0.0,3.5,0.0,3.5
2023-04-03,241.5,56.0,24.5,24.5,7.0,3.5,7.0,7.0,10.5,0.0,10.5,3.5,14.0,0.0,7.0,0.0,3.5,0.0,0.0,7.0
2023-04-04,224.0,35.0,56.0,21.0,14.0,14.0,3.5,7.0,7.0,3.5,0.0,0.0,10.5,0.0,0.0,0.0,0.0,0.0,7.0,0.0
2023-04-05,157.5,28.0,0.0,14.0,24.5,7.0,7.0,10.5,3.5,0.0,0.0,0.0,0.0,0.0,7.0,0.0,0.0,7.0,3.5,0.0
2023-04-06,203.0,24.5,10.5,24.5,10.5,3.5,0.0,7.0,10.5,3.5,3.5,0.0,0.0,0.0,0.0,3.5,3.5,0.0,3.5,0.0
2023-04-07,0.0,0.0,0.0,3.5,0.0,0.0,0.0,0.0,0.0,3.5,0.0,0.0,0.0,0.0,0.0,0.0,0.0,0.0,0.0,3.5
2023-04-08,294.0,28.0,7.0,14.0,17.5,3.5,7.0,3.5,10.5,0.0,0.0,7.0,7.0,3.5,3.5,0.0,3.5,3.5,3.5,7.0
2023-04-09,119.0,10.5,3.5,10.5,14.0,7.0,0.0,0.0,3.5,0.0,0.0,0.0,0.0,0.0,3.5,0.0,0.0,0.0,0.0,7.0
2023-04-10,206.5,38.5,38.5,24.5,10.5,7.0,3.5,3.5,7.0,3.5,0.0,7.0,0.0,0.0,3.5,3.5,0.0,3.5,7.0,7.0
2023-04-11,231.0,28.0,21.0,31.5,10.5,10.5,10.5,0.0,3.5,3.5,7.0,3.5,7.0,0.0,3.5,0.0,0.0,3.5,0.0,0.0
2023-04-12,227.5,38.5,7.0,10.5,17.5,7.0,3.5,10.5,3.5,7.0,10.5,7.0,0.0,0.0,0.0,7.0,0.0,0.0,0.0,3.5
2023-04-13,168.0,31.5,101.5,14.0,7.0,7.0,3.5,10.5,0.0,0.0,3.5,0.0,7.0,3.5,7.0,0.0,0.0,0.0,3.5,7.0
2023-04-14,192.5,28.0,52.5,7.0,3.5,0.0,0.0,3.5,0.0,3.5,0.0,0.0,3.5,0.0,0.0,7.0,0.0,3.5,0.0,3.5
2023-04-15,252.0,59.5,21.0,21.0,17.5,3.5,3.5,10.5,3.5,0.0,3.5,0.0,0.0,0.0,10.5,14.0,3.5,3.5,0.0,10.5
2023-04-16,259.0,21.0,24.5,7.0,21.0,3.5,7.0,3.5,14.0,0.0,10.5,0.0,0.0,0.0,3.5,10.5,3.5,3.5,7.0,7.0
2023-04-17,147.0,28.0,35.0,24.5,7.0,0.0,0.0,14.0,0.0,0.0,0.0,0.0,0.0,0.0,7.0,3.5,0.0,0.0,0.0,7.0
2023-04-18,143.5,21.0,17.5,14.0,14.0,7.0,0.0,21.0,0.0,0.0,3.5,3.5,3.5,0.0,7.0,3.5,0.0,0.0,3.5,7.0
2023-04-19,178.5,21.0,210.0,0.0,14.0,7.0,7.0,7.0,7.0,0.0,0.0,3.5,3.5,0.0,0.0,0.0,0.0,3.5,0.0,0.0
2023-04-20,136.5,17.5,35.0,3.5,10.5,3.5,3.5,7.0,3.5,3.5,3.5,7.0,3.5,0.0,3.5,3.5,0.0,3.5,7.0,0.0
2023-04-21,136.5,38.5,24.5,17.5,3.5,3.5,0.0,3.5,3.5,0.0,3.5,3.5,0.0,0.0,3.5,3.5,7.0,0.0,3.5,0.0
2023-04-22,213.5,31.5,7.0,35.0,17.5,14.0,0.0,0.0,7.0,3.5,14.0,3.5,3.5,3.5,3.5,7.0,0.0,10.5,3.5,3.5
2023-04-23,143.5,17.5,7.0,31.5,10.5,10.5,0.0,7.0,0.0,7.0,0.0,3.5,7.0,3.5,3.5,3.5,0.0,0.0,3.5,0.0
2023-04-24,126.0,28.0,24.5,10.5,3.5,10.5,0.0,35.0,3.5,10.5,7.0,0.0,0.0,3.5,7.0,0.0,0.0,7.0,0.0,7.0
2023-04-25,199.5,24.5,14.0,7.0,14.0,0.0,3.5,7.0,3.5,0.0,7.0,0.0,0.0,0.0,0.0,0.0,0.0,3.5,0.0,7.0
2023-04-26,175.0,35.0,196.0,3.5,14.0,3.5,7.0,0.0,0.0,0.0,0.0,10.5,3.5,0.0,10.5,3.5,0.0,3.5,0.0,7.0
2023-04-27,122.5,35.0,66.5,17.5,3.5,3.5,0.0,21.0,7.0,0.0,0.0,0.0,0.0,0.0,0.0,0.0,0.0,0.0,7.0,0.0
2023-04-28,154.0,52.5,17.5,21.0,21.0,3.5,3.5,3.5,0.0,3.5,3.5,0.0,0.0,0.0,0.0,3.5,0.0,0.0,0.0,3.5
2023-04-29,255.5,42.0,21.0,59.5,28.0,14.0,3.5,3.5,3.5,3.5,17.5,3.5,17.5,0.0,3.5,0.0,3.5,0.0,7.0,0.0
2023-04-30,140.0,31.5,17.5,7.0,21.0,3.5,3.5,0.0,10.5,10.5,7.0,3.5,0.0,0.0,3.5,10.5,0.0,3.5,3.5,10.5
2023-05-01,231.0,49.0,7.0,14.0,3.5,17.5,7.0,7.0,42.0,0.0,17.5,3.5,7.0,0.0,3.5,3.5,0.0,3.5,0.0,3.5
2023-05-02,161.0,31.5,35.0,14.0,7.0,3.5,0.0,14.0,0.0,10.5,0.0,3.5,3.5,0.0,3.5,7.0,3.5,3.5,0.0,7.0
2023-05-03,150.5,17.5,59.5,21.0,3.5,7.0,21.0,0.0,0.0,7.0,3.5,3.5,0.0,0.0,7.0,0.0,7.0,0.0,0.0,3.5
2023-05-04,136.5,28.0,63.0,17.5,0.0,0.0,3.5,7.0,0.0,0.0,14.0,0.0,3.5,0.0,7.0,0.0,0.0,0.0,0.0,10.5
2023-05-05,161.0,59.5,0.0,31.5,14.0,17.5,10.5,0.0,3.5,14.0,3.5,10.5,7.0,0.0,0.0,3.5,7.0,10.5,3.5,0.0
2023-05-06,231.0,80.5,0.0,17.5,14.0,3.5,3.5,0.0,3.5,0.0,3.5,0.0,7.0,10.5,0.0,3.5,0.0,3.5,0.0,0.0
2023-05-07,217.0,52.5,21.0,21.0,14.0,10.5,7.0,3.5,10.5,0.0,7.0,0.0,3.5,3.5,7.0,3.5,0.0,0.0,0.0,7.0
2023-05-08,266.0,66.5,10.5,14.0,14.0,3.5,0.0,0.0,0.0,7.0,0.0,7.0,3.5,7.0,0.0,3.5,0.0,0.0,0.0,0.0
2023-05-09,255.5,77.0,35.0,14.0,10.5,0.0,7.0,3.5,7.0,3.5,0.0,14.0,3.5,7.0,0.0,0.0,0.0,0.0,0.0,3.5
2023-05-10,238.0,45.5,17.5,84.0,14.0,0.0,3.5,0.0,0.0,0.0,3.5,38.5,0.0,3.5,3.5,3.5,0.0,3.5,0.0,3.5
2023-05-11,266.0,52.5,3.5,28.0,17.5,3.5,3.5,0.0,3.5,3.5,0.0,3.5,0.0,0.0,0.0,3.5,0.0,0.0,0.0,3.5
2023-05-12,154.0,63.0,14.0,14.0,28.0,7.0,3.5,10.5,10.5,3.5,0.0,3.5,7.0,0.0,7.0,7.0,0.0,0.0,0.0,7.0
2023-05-13,339.5,73.5,10.5,21.0,14.0,14.0,0.0,0.0,0.0,7.0,0.0,3.5,0.0,3.5,3.5,3.5,0.0,7.0,3.5,7.0
2023-05-14,231.0,98.0,14.0,10.5,10.5,0.0,0.0,0.0,7.0,14.0,3.5,0.0,0.0,3.5,7.0,3.5,3.5,3.5,0.0,3.5
2023-05-15,301.0,77.0,10.5,42.0,10.5,7.0,7.0,3.5,7.0,0.0,3.5,7.0,0.0,3.5,3.5,3.5,0.0,0.0,0.0,0.0
2023-05-16,164.5,66.5,24.5,28.0,17.5,0.0,0.0,0.0,0.0,0.0,3.5,0.0,0.0,3.5,3.5,7.0,0.0,3.5,0.0,7.0
2023-05-17,185.5,38.5,10.5,21.0,17.5,0.0,3.5,0.0,0.0,7.0,0.0,7.0,7.0,3.5,7.0,0.0,0.0,0.0,0.0,0.0
2023-05-18,175.0,56.0,3.5,17.5,3.5,3.5,3.5,0.0,3.5,0.0,7.0,0.0,3.5,0.0,0.0,0.0,0.0,7.0,0.0,10.5
2023-05-19,217.0,45.5,10.5,21.0,10.5,14.0,7.0,10.5,0.0,7.0,0.0,17.5,0.0,0.0,0.0,7.0,3.5,0.0,0.0,3.5
2023-05-20,196.0,84.0,7.0,21.0,14.0,0.0,0.0,0.0,7.0,3.5,7.0,0.0,3.5,3.5,3.5,0.0,3.5,3.5,3.5,3.5
2023-05-21,301.0,80.5,7.0,56.0,7.0,10.5,3.5,3.5,7.0,0.0,0.0,14.0,3.5,3.5,3.5,3.5,0.0,0.0,0.0,10.5
2023-05-22,301.0,126.0,0.0,42.0,7.0,0.0,0.0,3.5,3.5,3.5,7.0,0.0,7.0,7.0,7.0,3.5,0.0,0.0,0.0,3.5
2023-05-23,192.5,52.5,3.5,21.0,3.5,10.5,0.0,0.0,17.5,3.5,0.0,0.0,0.0,0.0,0.0,3.5,0.0,0.0,0.0,10.5
2023-05-24,182.0,31.5,3.5,31.5,14.0,3.5,10.5,3.5,3.5,0.0,0.0,0.0,0.0,3.5,0.0,0.0,0.0,0.0,0.0,7.0
2023-05-25,203.0,98.0,0.0,21.0,0.0,3.5,0.0,3.5,0.0,3.5,7.0,7.0,3.5,0.0,0.0,3.5,0.0,0.0,0.0,3.5
2023-05-26,185.5,49.0,0.0,28.0,7.0,3.5,0.0,3.5,0.0,0.0,3.5,3.5,0.0,3.5,3.5,0.0,0.0,0.0,3.5,0.0
2023-05-27,287.0,45.5,3.5,38.5,21.0,3.5,3.5,0.0,3.5,10.5,3.5,0.0,0.0,0.0,21.0,3.5,0.0,0.0,3.5,3.5
2023-05-28,311.5,28.0,7.0,14.0,14.0,3.5,7.0,0.0,14.0,0.0,0.0,0.0,0.0,0.0,0.0,0.0,0.0,0.0,0.0,0.0
2023-05-29,290.5,77.0,0.0,31.5,14.0,3.5,0.0,3.5,3.5,0.0,10.5,0.0,3.5,3.5,10.5,10.5,3.5,0.0,0.0,3.5
2023-05-30,245.0,84.0,7.0,24.5,3.5,7.0,10.5,0.0,3.5,10.5,7.0,10.5,0.0,7.0,3.5,7.0,0.0,3.5,0.0,14.0
2023-05-31,304.5,161.0,3.5,77.0,7.0,7.0,10.5,3.5,17.5,0.0,10.5,31.5,10.5,0.0,0.0,7.0,0.0,0.0,0.0,10.5
2023-06-01,262.5,189.0,0.0,31.5,10.5,0.0,7.0,0.0,0.0,0.0,0.0,0.0,0.0,0.0,7.0,3.5,0.0,0.0,0.0,3.5
2023-06-02,217.0,70.0,10.5,24.5,7.0,0.0,0.0,0.0,10.5,0.0,7.0,14.0,3.5,0.0,0.0,0.0,0.0,7.0,0.0,3.5
2023-06-03,514.5,84.0,14.0,38.5,21.0,7.0,7.0,7.0,10.5,3.5,7.0,14.0,7.0,0.0,3.5,7.0,0.0,3.5,7.0,7.0
2023-06-04,423.5,80.5,77.0,42.0,42.0,14.0,10.5,0.0,14.0,7.0,7.0,7.0,0.0,31.5,3.5,17.5,0.0,10.5,0.0,3.5
2023-06-05,357.0,129.5,7.0,80.5,14.0,10.5,10.5,3.5,7.0,7.0,10.5,3.5,3.5,0.0,7.0,10.5,0.0,0.0,0.0,3.5
2023-06-06,479.5,140.0,10.5,63.0,28.0,17.5,3.5,0.0,10.5,10.5,3.5,10.5,3.5,3.5,7.0,7.0,17.5,0.0,10.5,10.5
2023-06-07,189.0,52.5,10.5,28.0,10.5,3.5,7.0,0.0,7.0,3.5,0.0,7.0,0.0,3.5,0.0,3.5,0.0,3.5,0.0,3.5
2023-06-08,133.0,59.5,3.5,28.0,7.0,3.5,0.0,7.0,0.0,3.5,0.0,31.5,0.0,0.0,3.5,3.5,0.0,0.0,3.5,3.5
2023-06-09,66.5,14.0,0.0,21.0,14.0,0.0,7.0,7.0,0.0,0.0,0.0,3.5,3.5,0.0,0.0,0.0,0.0,0.0,0.0,0.0
2023-06-10,91.0,35.0,3.5,21.0,14.0,10.5,0.0,3.5,7.0,3.5,7.0,7.0,0.0,0.0,3.5,3.5,0.0,0.0,0.0,0.0
2023-06-11,133.0,21.0,7.0,21.0,17.5,7.0,0.0,3.5,0.0,0.0,3.5,3.5,3.5,0.0,7.0,0.0,3.5,3.5,0.0,3.5
2023-06-12,140.0,7.0,3.5,14.0,24.5,7.0,0.0,7.0,7.0,3.5,3.5,0.0,10.5,0.0,0.0,0.0,0.0,0.0,7.0,0.0
2023-06-13,119.0,10.5,3.5,7.0,17.5,3.5,0.0,17.5,0.0,7.0,3.5,3.5,0.0,0.0,3.5,0.0,0.0,0.0,0.0,0.0
2023-06-14,91.0,10.5,7.0,17.5,14.0,3.5,0.0,3.5,3.5,0.0,0.0,0.0,10.5,3.5,7.0,0.0,0.0,0.0,0.0,0.0
2023-06-15,115.5,0.0,7.0,14.0,7.0,0.0,0.0,14.0,0.0,0.0,0.0,3.5,0.0,0.0,0.0,0.0,0.0,0.0,0.0,0.0
2023-06-16,108.5,31.5,3.5,7.0,7.0,3.5,3.5,0.0,3.5,3.5,0.0,3.5,3.5,0.0,3.5,0.0,0.0,7.0,0.0,3.5
2023-06-17,140.0,31.5,3.5,56.0,7.0,7.0,3.5,0.0,0.0,0.0,0.0,3.5,0.0,0.0,3.5,3.5,7.0,0.0,0.0,3.5
2023-06-18,150.5,17.5,7.0,10.5,3.5,7.0,3.5,0.0,3.5,0.0,3.5,0.0,0.0,0.0,0.0,3.5,7.0,0.0,0.0,0.0
2023-06-19,84.0,10.5,10.5,14.0,3.5,14.0,7.0,3.5,10.5,3.5,0.0,3.5,3.5,0.0,0.0,0.0,0.0,0.0,0.0,0.0
2023-06-20,147.0,14.0,7.0,7.0,14.0,3.5,3.5,0.0,0.0,7.0,0.0,3.5,0.0,0.0,3.5,0.0,3.5,0.0,0.0,3.5
2023-06-21,147.0,31.5,3.5,10.5,7.0,10.5,3.5,0.0,0.0,7.0,0.0,0.0,3.5,0.0,0.0,3.5,0.0,0.0,0.0,3.5
2023-06-22,164.5,17.5,0.0,7.0,3.5,3.5,7.0,3.5,0.0,3.5,0.0,0.0,0.0,3.5,0.0,0.0,0.0,0.0,0.0,0.0
2023-06-23,133.0,7.0,0.0,3.5,10.5,3.5,0.0,3.5,7.0,0.0,0.0,0.0,0.0,3.5,0.0,0.0,0.0,0.0,0.0,0.0
2023-06-24,105.0,42.0,0.0,7.0,7.0,0.0,7.0,10.5,7.0,0.0,0.0,0.0,7.0,7.0,3.5,0.0,0.0,0.0,0.0,0.0
2023-06-25,112.0,31.5,10.5,17.5,10.5,0.0,10.5,0.0,0.0,3.5,7.0,0.0,3.5,0.0,0.0,3.5,0.0,0.0,0.0,0.0
2023-06-26,147.0,31.5,7.0,24.5,10.5,10.5,3.5,0.0,3.5,7.0,0.0,0.0,7.0,0.0,3.5,0.0,0.0,0.0,0.0,0.0
2023-06-27,108.5,14.0,10.5,0.0,10.5,17.5,0.0,3.5,7.0,0.0,3.5,17.5,0.0,3.5,0.0,0.0,0.0,0.0,0.0,3.5
2023-06-28,143.5,31.5,0.0,14.0,3.5,3.5,3.5,3.5,7.0,7.0,0.0,3.5,3.5,7.0,3.5,0.0,0.0,0.0,0.0,0.0
2023-06-29,115.5,14.0,3.5,14.0,10.5,3.5,0.0,0.0,3.5,0.0,0.0,7.0,10.5,10.5,0.0,0.0,0.0,3.5,0.0,3.5
2023-06-30,178.5,59.5,10.5,28.0,3.5,7.0,3.5,0.0,14.0,7.0,0.0,3.5,0.0,0.0,0.0,0.0,7.0,0.0,0.0,0.0
2023-07-01,220.5,35.0,14.0,10.5,21.0,7.0,0.0,7.0,10.5,0.0,3.5,0.0,0.0,3.5,0.0,3.5,3.5,0.0,0.0,0.0
2023-07-02,238.0,42.0,14.0,24.5,21.0,3.5,7.0,3.5,14.0,0.0,0.0,7.0,0.0,0.0,3.5,0.0,7.0,0.0,3.5,0.0
2023-07-03,150.5,45.5,45.5,7.0,7.0,10.5,3.5,7.0,0.0,3.5,0.0,0.0,0.0,0.0,10.5,0.0,0.0,3.5,0.0,0.0
2023-07-04,171.5,14.0,28.0,14.0,3.5,14.0,10.5,0.0,3.5,3.5,3.5,10.5,0.0,3.5,0.0,3.5,3.5,0.0,0.0,3.5
2023-07-05,91.0,28.0,7.0,21.0,7.0,17.5,3.5,0.0,0.0,0.0,0.0,0.0,0.0,0.0,3.5,0.0,7.0,0.0,0.0,0.0
2023-07-06,140.0,7.0,7.0,7.0,17.5,3.5,3.5,0.0,0.0,3.5,0.0,10.5,7.0,0.0,3.5,0.0,0.0,0.0,0.0,3.5
2023-07-07,119.0,10.5,70.0,3.5,3.5,17.5,10.5,0.0,7.0,7.0,0.0,7.0,3.5,0.0,0.0,0.0,3.5,0.0,3.5,3.5
2023-07-08,168.0,35.0,7.0,28.0,10.5,3.5,14.0,0.0,3.5,3.5,7.0,3.5,7.0,3.5,10.5,0.0,3.5,3.5,3.5,14.0
2023-07-09,189.0,7.0,0.0,10.5,14.0,3.5,0.0,0.0,7.0,10.5,3.5,0.0,0.0,0.0,3.5,0.0,0.0,0.0,7.0,3.5
2023-07-10,150.5,14.0,24.5,3.5,7.0,7.0,0.0,0.0,0.0,0.0,0.0,3.5,7.0,0.0,3.5,0.0,0.0,3.5,0.0,7.0
2023-07-11,136.5,28.0,7.0,31.5,7.0,3.5,7.0,7.0,7.0,0.0,0.0,3.5,3.5,0.0,7.0,3.5,3.5,0.0,3.5,0.0
2023-07-12,122.5,21.0,14.0,10.5,3.5,0.0,3.5,0.0,0.0,3.5,0.0,0.0,0.0,0.0,7.0,0.0,0.0,0.0,0.0,7.0
2023-07-13,182.0,45.5,0.0,10.5,10.5,3.5,7.0,3.5,7.0,7.0,0.0,0.0,0.0,0.0,7.0,7.0,0.0,0.0,0.0,3.5
2023-07-14,199.5,21.0,10.5,17.5,17.5,7.0,14.0,14.0,0.0,3.5,0.0,10.5,7.0,0.0,0.0,3.5,3.5,0.0,0.0,3.5
2023-07-15,332.5,31.5,45.5,21.0,17.5,10.5,14.0,10.5,3.5,7.0,17.5,14.0,3.5,7.0,7.0,14.0,0.0,0.0,3.5,3.5
2023-07-16,364.0,17.5,0.0,3.5,10.5,10.5,17.5,3.5,3.5,14.0,3.5,7.0,3.5,0.0,3.5,7.0,3.5,7.0,0.0,7.0
2023-07-17,189.0,24.5,17.5,38.5,10.5,7.0,3.5,7.0,3.5,0.0,3.5,7.0,0.0,3.5,10.5,0.0,0.0,7.0,3.5,3.5
2023-07-18,178.5,14.0,7.0,17.5,7.0,7.0,3.5,10.5,0.0,3.5,0.0,21.0,3.5,3.5,3.5,0.0,0.0,0.0,7.0,0.0
2023-07-19,98.0,66.5,3.5,3.5,14.0,0.0,0.0,7.0,3.5,3.5,3.5,7.0,0.0,24.5,3.5,3.5,3.5,0.0,0.0,0.0
2023-07-20,171.5,73.5,7.0,17.5,3.5,0.0,0.0,0.0,3.5,0.0,3.5,3.5,3.5,0.0,3.5,14.0,0.0,0.0,7.0,3.5
2023-07-21,168.0,38.5,7.0,10.5,7.0,0.0,3.5,10.5,3.5,0.0,0.0,3.5,0.0,0.0,3.5,3.5,0.0,0.0,7.0,0.0
2023-07-22,199.5,35.0,14.0,31.5,7.0,0.0,7.0,3.5,3.5,0.0,3.5,0.0,3.5,0.0,3.5,10.5,0.0,0.0,3.5,0.0
2023-07-23,199.5,31.5,3.5,7.0,21.0,7.0,0.0,0.0,17.5,10.5,3.5,3.5,3.5,0.0,0.0,3.5,0.0,3.5,0.0,7.0
2023-07-24,175.0,38.5,0.0,35.0,14.0,0.0,0.0,0.0,3.5,0.0,0.0,0.0,3.5,0.0,3.5,3.5,0.0,0.0,0.0,3.5
2023-07-25,161.0,31.5,10.5,0.0,17.5,0.0,7.0,10.5,0.0,0.0,0.0,10.5,3.5,10.5,0.0,3.5,0.0,3.5,0.0,3.5
2023-07-26,192.5,21.0,10.5,17.5,3.5,3.5,10.5,14.0,7.0,0.0,0.0,3.5,0.0,0.0,0.0,0.0,10.5,0.0,0.0,3.5
2023-07-27,164.5,17.5,3.5,14.0,7.0,14.0,0.0,0.0,0.0,0.0,0.0,3.5,3.5,0.0,0.0,7.0,7.0,3.5,0.0,7.0
2023-07-28,119.0,38.5,3.5,31.5,3.5,7.0,7.0,3.5,0.0,0.0,0.0,7.0,10.5,3.5,7.0,0.0,3.5,0.0,10.5,3.5
2023-07-29,273.0,42.0,3.5,7.0,14.0,7.0,0.0,14.0,14.0,0.0,7.0,3.5,0.0,0.0,0.0,7.0,0.0,0.0,3.5,0.0
2023-07-30,150.5,21.0,21.0,17.5,3.5,10.5,14.0,0.0,3.5,7.0,0.0,0.0,0.0,7.0,0.0,3.5,0.0,0.0,7.0,3.5
2023-07-31,175.0,101.5,3.5,14.0,7.0,3.5,3.5,0.0,7.0,3.5,0.0,17.5,3.5,0.0,0.0,3.5,0.0,3.5,3.5,0.0
2023-08-01,154.0,21.0,0.0,21.0,7.0,3.5,7.0,3.5,0.0,0.0,3.5,3.5,10.5,0.0,3.5,3.5,3.5,3.5,0.0,14.0
2023-08-02,140.0,49.0,7.0,14.0,7.0,0.0,0.0,0.0,3.5,0.0,7.0,3.5,0.0,0.0,3.5,3.5,0.0,0.0,0.0,3.5
2023-08-03,115.5,7.0,7.0,10.5,7.0,3.5,7.0,3.5,0.0,0.0,0.0,3.5,3.5,0.0,0.0,0.0,0.0,3.5,0.0,3.5
2023-08-04,126.0,21.0,0.0,17.5,17.5,10.5,0.0,14.0,0.0,7.0,0.0,3.5,10.5,0.0,3.5,0.0,0.0,0.0,10.5,0.0
2023-08-05,224.0,56.0,0.0,24.5,7.0,0.0,3.5,7.0,10.5,7.0,7.0,7.0,0.0,0.0,0.0,10.5,0.0,3.5,7.0,7.0
2023-08-06,136.5,31.5,0.0,7.0,10.5,7.0,10.5,0.0,7.0,7.0,3.5,0.0,3.5,0.0,3.5,0.0,3.5,0.0,0.0,7.0
2023-08-07,224.0,52.5,0.0,7.0,3.5,3.5,7.0,0.0,17.5,3.5,10.5,0.0,0.0,0.0,3.5,3.5,0.0,0.0,7.0,3.5
2023-08-08,154.0,56.0,0.0,35.0,3.5,10.5,10.5,0.0,0.0,3.5,3.5,17.5,10.5,0.0,3.5,0.0,0.0,0.0,0.0,3.5
2023-08-09,136.5,17.5,17.5,14.0,21.0,3.5,7.0,0.0,0.0,0.0,0.0,0.0,0.0,0.0,7.0,0.0,3.5,3.5,3.5,0.0
2023-08-10,80.5,7.0,63.0,10.5,3.5,3.5,0.0,3.5,3.5,7.0,3.5,0.0,0.0,3.5,0.0,7.0,0.0,0.0,0.0,0.0
2023-08-11,112.0,28.0,38.5,7.0,7.0,3.5,0.0,0.0,3.5,0.0,3.5,0.0,7.0,0.0,14.0,3.5,0.0,0.0,0.0,0.0
2023-08-12,231.0,45.5,7.0,7.0,10.5,7.0,7.0,3.5,3.5,14.0,7.0,3.5,3.5,0.0,0.0,0.0,0.0,7.0,0.0,3.5
2023-08-13,217.0,21.0,38.5,7.0,7.0,3.5,10.5,0.0,3.5,0.0,10.5,0.0,3.5,0.0,0.0,7.0,0.0,3.5,0.0,3.5
2023-08-14,147.0,28.0,84.0,24.5,0.0,10.5,7.0,7.0,3.5,3.5,3.5,0.0,3.5,0.0,3.5,3.5,0.0,3.5,3.5,7.0
2023-08-15,133.0,10.5,24.5,7.0,3.5,7.0,10.5,0.0,0.0,0.0,0.0,0.0,14.0,0.0,3.5,3.5,7.0,3.5,0.0,10.5
2023-08-16,136.5,17.5,94.5,10.5,17.5,3.5,3.5,0.0,0.0,0.0,3.5,10.5,3.5,0.0,3.5,3.5,0.0,7.0,0.0,0.0
2023-08-17,126.0,35.0,42.0,7.0,3.5,3.5,7.0,3.5,10.5,0.0,0.0,7.0,0.0,0.0,3.5,0.0,3.5,7.0,0.0,10.5
2023-08-18,87.5,17.5,0.0,14.0,10.5,7.0,3.5,0.0,21.0,3.5,0.0,0.0,0.0,0.0,3.5,0.0,0.0,0.0,0.0,3.5
2023-08-19,168.0,31.5,35.0,10.5,24.5,21.0,7.0,0.0,3.5,17.5,7.0,14.0,3.5,0.0,0.0,7.0,3.5,0.0,0.0,3.5
2023-08-20,143.5,31.5,7.0,0.0,14.0,10.5,7.0,0.0,0.0,0.0,7.0,7.0,7.0,0.0,3.5,10.5,7.0,7.0,3.5,0.0
2023-08-21,245.0,31.5,17.5,17.5,10.5,7.0,3.5,7.0,10.5,7.0,10.5,3.5,3.5,0.0,14.0,3.5,7.0,3.5,3.5,10.5
2023-08-22,136.5,63.0,70.0,10.5,3.5,14.0,0.0,0.0,0.0,0.0,14.0,7.0,0.0,0.0,0.0,0.0,3.5,0.0,3.5,0.0
2023-08-23,133.0,10.5,0.0,0.0,3.5,7.0,14.0,0.0,0.0,0.0,7.0,7.0,3.5,0.0,7.0,3.5,0.0,3.5,0.0,3.5
2023-08-24,119.0,21.0,10.5,24.5,0.0,3.5,3.5,3.5,3.5,3.5,3.5,3.5,0.0,0.0,3.5,0.0,0.0,3.5,0.0,0.0
2023-08-25,196.0,21.0,21.0,14.0,3.5,7.0,7.0,0.0,0.0,0.0,3.5,14.0,0.0,0.0,7.0,0.0,0.0,3.5,0.0,7.0
2023-08-26,269.5,49.0,31.5,21.0,14.0,17.5,7.0,0.0,10.5,3.5,7.0,3.5,7.0,0.0,10.5,3.5,0.0,0.0,3.5,10.5
2023-08-27,140.0,28.0,17.5,63.0,17.5,10.5,10.5,3.5,3.5,14.0,3.5,3.5,3.5,0.0,0.0,0.0,3.5,0.0,3.5,3.5
2023-08-28,126.0,14.0,17.5,17.5,0.0,10.5,7.0,0.0,0.0,7.0,0.0,0.0,3.5,3.5,0.0,7.0,3.5,0.0,0.0,0.0
2023-08-29,108.5,31.5,7.0,14.0,3.5,10.5,3.5,3.5,0.0,10.5,3.5,3.5,0.0,0.0,7.0,3.5,0.0,3.5,3.5,3.5
2023-08-30,112.0,31.5,31.5,14.0,7.0,10.5,7.0,0.0,0.0,0.0,0.0,7.0,0.0,0.0,3.5,0.0,3.5,0.0,14.0,7.0
2023-08-31,168.0,10.5,35.0,10.5,7.0,7.0,3.5,7.0,0.0,0.0,3.5,0.0,3.5,0.0,3.5,0.0,3.5,0.0,7.0,0.0
2023-09-01,171.5,14.0,21.0,0.0,10.5,3.5,3.5,10.5,7.0,0.0,0.0,7.0,3.5,0.0,0.0,3.5,3.5,0.0,3.5,3.5
2023-09-02,259.0,10.5,7.0,21.0,10.5,0.0,3.5,0.0,3.5,7.0,7.0,3.5,0.0,0.0,0.0,0.0,0.0,10.5,3.5,0.0
2023-09-03,213.5,24.5,14.0,3.5,10.5,0.0,7.0,0.0,7.0,0.0,0.0,3.5,3.5,0.0,0.0,0.0,3.5,3.5,0.0,3.5
2023-09-04,210.0,28.0,0.0,24.5,14.0,7.0,0.0,7.0,0.0,0.0,0.0,0.0,10.5,0.0,3.5,0.0,0.0,14.0,0.0,0.0
2023-09-05,154.0,77.0,52.5,10.5,3.5,7.0,7.0,0.0,0.0,3.5,7.0,0.0,3.5,0.0,0.0,0.0,0.0,3.5,0.0,3.5
2023-09-06,129.5,3.5,21.0,7.0,0.0,0.0,3.5,0.0,0.0,0.0,7.0,3.5,0.0,0.0,0.0,0.0,3.5,0.0,0.0,0.0
2023-09-07,175.0,38.5,3.5,24.5,7.0,3.5,3.5,3.5,7.0,3.5,7.0,0.0,0.0,0.0,0.0,0.0,3.5,0.0,0.0,0.0
2023-09-08,133.0,14.0,0.0,7.0,3.5,3.5,0.0,0.0,0.0,7.0,0.0,3.5,0.0,0.0,3.5,0.0,0.0,3.5,0.0,0.0
2023-09-09,220.5,35.0,14.0,3.5,38.5,3.5,3.5,7.0,0.0,3.5,7.0,3.5,7.0,0.0,3.5,0.0,3.5,17.5,0.0,0.0
2023-09-10,248.5,14.0,3.5,21.0,3.5,7.0,7.0,0.0,3.5,10.5,0.0,3.5,0.0,0.0,3.5,0.0,0.0,10.5,3.5,0.0
2023-09-11,203.0,52.5,28.0,21.0,10.5,0.0,3.5,0.0,7.0,3.5,7.0,0.0,3.5,0.0,0.0,3.5,10.5,10.5,0.0,0.0
2023-09-12,157.5,21.0,0.0,10.5,7.0,0.0,3.5,0.0,3.5,0.0,3.5,17.5,0.0,0.0,3.5,0.0,0.0,0.0,0.0,0.0
2023-09-13,168.0,42.0,14.0,10.5,0.0,3.5,7.0,0.0,0.0,0.0,3.5,0.0,7.0,3.5,10.5,0.0,10.5,3.5,0.0,0.0
2023-09-14,150.5,52.5,14.0,35.0,10.5,7.0,7.0,0.0,0.0,7.0,0.0,0.0,0.0,0.0,0.0,0.0,3.5,3.5,0.0,0.0
2023-09-15,143.5,17.5,10.5,17.5,3.5,3.5,7.0,0.0,7.0,0.0,0.0,0.0,0.0,0.0,0.0,0.0,0.0,0.0,0.0,0.0
2023-09-16,332.5,42.0,0.0,38.5,10.5,3.5,0.0,3.5,3.5,0.0,7.0,7.0,7.0,0.0,7.0,3.5,3.5,14.0,0.0,0.0
2023-09-17,210.0,17.5,17.5,28.0,14.0,0.0,14.0,0.0,0.0,3.5,7.0,0.0,0.0,0.0,0.0,3.5,0.0,0.0,3.5,0.0
2023-09-18,252.0,35.0,21.0,14.0,10.5,0.0,0.0,7.0,0.0,0.0,3.5,0.0,3.5,0.0,7.0,3.5,7.0,7.0,0.0,0.0
2023-09-19,210.0,10.5,115.5,7.0,14.0,3.5,3.5,0.0,3.5,0.0,14.0,0.0,0.0,3.5,3.5,0.0,0.0,3.5,0.0,0.0
2023-09-20,164.5,10.5,3.5,35.0,0.0,3.5,0.0,3.5,0.0,7.0,10.5,7.0,0.0,0.0,0.0,0.0,0.0,3.5,0.0,0.0
2023-09-21,133.0,17.5,38.5,21.0,3.5,3.5,7.0,0.0,0.0,3.5,10.5,0.0,0.0,0.0,0.0,0.0,0.0,3.5,3.5,0.0
2023-09-22,126.0,122.5,14.0,21.0,3.5,3.5,0.0,7.0,0.0,3.5,3.5,0.0,7.0,3.5,3.5,0.0,0.0,0.0,0.0,0.0
2023-09-23,266.0,21.0,10.5,7.0,10.5,7.0,7.0,14.0,0.0,3.5,3.5,3.5,0.0,0.0,3.5,0.0,0.0,0.0,0.0,0.0
2023-09-24,287.0,21.0,14.0,14.0,14.0,3.5,7.0,0.0,0.0,0.0,0.0,0.0,0.0,0.0,0.0,0.0,0.0,0.0,3.5,3.5
2023-09-25,269.5,10.5,7.0,21.0,7.0,3.5,7.0,10.5,0.0,0.0,3.5,21.0,0.0,0.0,0.0,0.0,0.0,0.0,0.0,0.0
2023-09-26,213.5,35.0,52.5,28.0,7.0,3.5,7.0,0.0,0.0,0.0,3.5,0.0,0.0,0.0,0.0,0.0,3.5,3.5,3.5,0.0
2023-09-27,234.5,24.5,59.5,14.0,10.5,0.0,10.5,10.5,0.0,0.0,7.0,0.0,3.5,3.5,0.0,0.0,0.0,7.0,0.0,0.0
2023-09-28,185.5,45.5,21.0,24.5,7.0,0.0,3.5,0.0,0.0,0.0,3.5,10.5,0.0,0.0,0.0,0.0,0.0,3.5,0.0,0.0
2023-09-29,182.0,38.5,42.0,24.5,17.5,0.0,0.0,7.0,0.0,0.0,3.5,3.5,0.0,0.0,0.0,0.0,10.5,0.0,0.0,0.0
2023-09-30,238.0,49.0,10.5,31.5,17.5,17.5,3.5,7.0,0.0,3.5,0.0,3.5,0.0,0.0,3.5,0.0,3.5,7.0,3.5,0.0
2023-10-01,231.0,17.5,7.0,14.0,14.0,7.0,7.0,7.0,3.5,3.5,3.5,3.5,7.0,0.0,3.5,0.0,7.0,0.0,0.0,0.0
2023-10-02,192.5,63.0,49.0,17.5,7.0,3.5,3.5,0.0,0.0,0.0,0.0,0.0,10.5,0.0,0.0,0.0,3.5,3.5,0.0,0.0
2023-10-03,175.0,49.0,10.5,10.5,17.5,0.0,0.0,0.0,0.0,3.5,3.5,7.0,0.0,3.5,3.5,0.0,0.0,0.0,3.5,0.0
2023-10-04,140.0,28.0,24.5,21.0,7.0,0.0,0.0,10.5,0.0,0.0,7.0,3.5,7.0,0.0,0.0,0.0,7.0,7.0,0.0,0.0
2023-10-05,112.0,14.0,14.0,10.5,10.5,0.0,0.0,0.0,0.0,7.0,0.0,3.5,0.0,7.0,3.5,0.0,0.0,3.5,0.0,0.0
2023-10-06,189.0,10.5,3.5,7.0,10.5,14.0,0.0,0.0,0.0,3.5,7.0,0.0,3.5,3.5,3.5,0.0,0.0,3.5,7.0,0.0
2023-10-07,227.5,14.0,0.0,21.0,3.5,7.0,3.5,0.0,3.5,3.5,14.0,0.0,0.0,0.0,3.5,0.0,0.0,10.5,0.0,0.0
2023-10-08,171.5,10.5,0.0,21.0,7.0,14.0,10.5,0.0,7.0,0.0,24.5,0.0,0.0,0.0,0.0,0.0,0.0,21.0,10.5,0.0
2023-10-09,150.5,17.5,0.0,7.0,14.0,10.5,0.0,10.5,7.0,0.0,0.0,0.0,3.5,0.0,0.0,0.0,0.0,0.0,3.5,0.0
2023-10-10,98.0,21.0,0.0,10.5,3.5,0.0,3.5,0.0,7.0,3.5,3.5,3.5,0.0,0.0,0.0,0.0,0.0,3.5,0.0,0.0
2023-10-11,129.5,28.0,0.0,10.5,14.0,0.0,0.0,3.5,3.5,3.5,10.5,0.0,0.0,3.5,0.0,0.0,3.5,3.5,10.5,0.0
2023-10-12,101.5,14.0,56.0,14.0,7.0,3.5,7.0,3.5,0.0,0.0,7.0,3.5,0.0,0.0,3.5,0.0,0.0,10.5,0.0,0.0
2023-10-13,196.0,45.5,3.5,17.5,3.5,0.0,3.5,7.0,3.5,0.0,14.0,0.0,3.5,0.0,3.5,0.0,0.0,17.5,3.5,0.0
2023-10-14,315.0,35.0,3.5,10.5,17.5,7.0,10.5,7.0,10.5,7.0,10.5,0.0,3.5,0.0,3.5,0.0,0.0,7.0,0.0,0.0
2023-10-15,315.0,17.5,0.0,24.5,28.0,7.0,14.0,3.5,3.5,7.0,14.0,0.0,3.5,3.5,3.5,0.0,3.5,10.5,3.5,0.0
2023-10-16,185.5,35.0,0.0,7.0,7.0,14.0,3.5,7.0,0.0,0.0,0.0,3.5,3.5,0.0,0.0,0.0,7.0,7.0,0.0,0.0
2023-10-17,171.5,91.0,7.0,94.5,3.5,3.5,3.5,7.0,10.5,3.5,0.0,7.0,7.0,0.0,0.0,0.0,0.0,0.0,0.0,0.0
2023-10-18,115.5,14.0,73.5,3.5,3.5,14.0,3.5,17.5,0.0,0.0,0.0,0.0,0.0,0.0,3.5,0.0,0.0,0.0,0.0,0.0
2023-10-19,133.0,17.5,3.5,7.0,10.5,7.0,3.5,7.0,7.0,0.0,3.5,3.5,0.0,0.0,3.5,0.0,10.5,0.0,0.0,0.0
2023-10-20,112.0,24.5,0.0,7.0,14.0,0.0,7.0,0.0,3.5,3.5,7.0,3.5,3.5,3.5,21.0,0.0,3.5,10.5,0.0,0.0
2023-10-21,220.5,14.0,10.5,3.5,0.0,7.0,7.0,0.0,3.5,3.5,0.0,0.0,7.0,0.0,0.0,0.0,3.5,0.0,3.5,0.0
2023-10-22,266.0,14.0,0.0,7.0,3.5,17.5,3.5,3.5,7.0,10.5,7.0,17.5,0.0,0.0,7.0,0.0,0.0,21.0,0.0,0.0
2023-10-23,189.0,7.0,0.0,10.5,10.5,0.0,0.0,3.5,0.0,3.5,3.5,0.0,0.0,0.0,0.0,0.0,0.0,3.5,0.0,3.5
2023-10-24,150.5,77.0,0.0,10.5,3.5,0.0,3.5,0.0,10.5,3.5,0.0,0.0,0.0,87.5,0.0,0.0,0.0,3.5,3.5,0.0
2023-10-25,105.0,14.0,0.0,7.0,7.0,3.5,3.5,0.0,3.5,0.0,10.5,0.0,3.5,0.0,0.0,0.0,0.0,0.0,0.0,0.0
2023-10-26,140.0,7.0,3.5,3.5,7.0,10.5,3.5,7.0,0.0,3.5,3.5,0.0,0.0,0.0,0.0,0.0,7.0,3.5,3.5,0.0
2023-10-27,315.0,17.5,0.0,14.0,21.0,3.5,10.5,3.5,7.0,3.5,0.0,0.0,0.0,3.5,3.5,0.0,10.5,3.5,0.0,0.0
2023-10-28,252.0,14.0,0.0,3.5,17.5,3.5,3.5,0.0,14.0,0.0,10.5,0.0,7.0,0.0,3.5,0.0,7.0,7.0,0.0,0.0
2023-10-29,150.5,10.5,7.0,3.5,14.0,21.0,7.0,10.5,7.0,3.5,0.0,3.5,3.5,0.0,3.5,0.0,0.0,14.0,3.5,0.0
2023-10-30,161.0,91.0,3.5,10.5,3.5,0.0,3.5,10.5,0.0,7.0,3.5,7.0,7.0,0.0,3.5,0.0,0.0,0.0,0.0,0.0
2023-10-31,157.5,31.5,0.0,17.5,14.0,14.0,0.0,0.0,10.5,0.0,0.0,0.0,3.5,0.0,0.0,0.0,0.0,7.0,0.0,0.0
2023-11-01,112.0,14.0,0.0,7.0,3.5,10.5,3.5,3.5,7.0,7.0,3.5,0.0,0.0,0.0,0.0,0.0,38.5,0.0,0.0,0.0
2023-11-02,161.0,59.5,0.0,14.0,0.0,3.5,0.0,14.0,7.0,10.5,0.0,0.0,3.5,0.0,0.0,0.0,3.5,0.0,0.0,0.0
2023-11-03,164.5,42.0,0.0,24.5,10.5,3.5,10.5,0.0,10.5,7.0,7.0,0.0,0.0,0.0,0.0,0.0,0.0,7.0,0.0,0.0
2023-11-04,332.5,63.0,0.0,24.5,28.0,3.5,3.5,7.0,24.5,0.0,7.0,21.0,3.5,0.0,7.0,0.0,0.0,10.5,10.5,0.0
2023-11-05,304.5,42.0,7.0,38.5,17.5,3.5,3.5,0.0,17.5,3.5,14.0,3.5,0.0,0.0,0.0,0.0,0.0,0.0,0.0,0.0
2023-11-06,266.0,52.5,0.0,7.0,7.0,7.0,7.0,0.0,14.0,0.0,7.0,0.0,3.5,3.5,0.0,0.0,0.0,0.0,10.5,0.0
2023-11-07,140.0,10.5,0.0,3.5,21.0,7.0,10.5,0.0,3.5,3.5,3.5,3.5,0.0,0.0,0.0,0.0,3.5,3.5,0.0,0.0
2023-11-08,129.5,122.5,3.5,10.5,10.5,7.0,0.0,0.0,0.0,7.0,10.5,3.5,3.5,0.0,0.0,0.0,0.0,0.0,10.5,0.0
2023-11-09,161.0,35.0,24.5,10.5,7.0,7.0,3.5,0.0,7.0,3.5,3.5,3.5,3.5,0.0,0.0,0.0,7.0,0.0,3.5,0.0
2023-11-10,122.5,31.5,0.0,10.5,10.5,10.5,10.5,0.0,3.5,0.0,0.0,3.5,3.5,0.0,7.0,0.0,0.0,0.0,0.0,3.5
2023-11-11,220.5,42.0,3.5,35.0,31.5,7.0,7.0,0.0,10.5,14.0,3.5,7.0,7.0,0.0,3.5,0.0,3.5,3.5,0.0,0.0
2023-11-12,203.0,7.0,0.0,7.0,10.5,14.0,7.0,7.0,7.0,3.5,7.0,0.0,0.0,0.0,0.0,0.0,3.5,0.0,0.0,3.5
2023-11-13,294.0,14.0,80.5,70.0,24.5,21.0,21.0,0.0,21.0,10.5,0.0,3.5,3.5,3.5,0.0,0.0,3.5,3.5,7.0,0.0
2023-11-14,266.0,17.5,14.0,3.5,7.0,10.5,3.5,0.0,0.0,17.5,3.5,10.5,3.5,0.0,0.0,0.0,7.0,3.5,3.5,0.0
2023-11-15,339.5,24.5,24.5,38.5,17.5,31.5,21.0,7.0,3.5,7.0,7.0,10.5,3.5,0.0,3.5,0.0,7.0,3.5,0.0,0.0
2023-11-16,402.5,24.5,56.0,24.5,21.0,24.5,24.5,0.0,0.0,14.0,7.0,0.0,3.5,3.5,0.0,0.0,17.5,10.5,0.0,0.0
2023-11-17,801.5,52.5,59.5,77.0,38.5,70.0,49.0,3.5,7.0,24.5,10.5,17.5,3.5,0.0,3.5,0.0,14.0,3.5,17.5,0.0
2023-11-18,1697.5,80.5,112.0,45.5,49.0,115.5,49.0,21.0,56.0,31.5,45.5,10.5,31.5,14.0,3.5,0.0,38.5,21.0,10.5,0.0
2023-11-19,1683.5,126.0,171.5,49.0,115.5,87.5,84.0,7.0,21.0,49.0,31.5,38.5,31.5,49.0,3.5,0.0,38.5,21.0,7.0,0.0
2023-11-20,2303.0,178.5,105.0,73.5,126.0,122.5,84.0,7.0,7.0,87.5,77.0,42.0,35.0,10.5,14.0,0.0,3.5,52.5,10.5,0.0
2023-11-21,248.5,35.0,7.0,24.5,0.0,7.0,0.0,3.5,7.0,3.5,14.0,7.0,0.0,0.0,7.0,0.0,0.0,7.0,3.5,0.0
2023-11-22,91.0,21.0,3.5,10.5,0.0,10.5,3.5,0.0,3.5,3.5,7.0,7.0,0.0,0.0,0.0,0.0,0.0,0.0,0.0,0.0
2023-11-23,164.5,10.5,14.0,14.0,7.0,17.5,0.0,0.0,0.0,0.0,3.5,0.0,3.5,0.0,0.0,0.0,0.0,3.5,3.5,0.0
2023-11-24,112.0,10.5,10.5,0.0,14.0,112.0,0.0,0.0,3.5,3.5,10.5,7.0,0.0,0.0,0.0,0.0,7.0,0.0,0.0,0.0
2023-11-25,280.0,52.5,28.0,7.0,7.0,31.5,7.0,3.5,3.5,7.0,3.5,0.0,3.5,0.0,0.0,0.0,3.5,3.5,0.0,0.0
2023-11-26,255.5,21.0,24.5,7.0,3.5,28.0,14.0,0.0,7.0,3.5,7.0,0.0,0.0,0.0,0.0,0.0,0.0,3.5,7.0,0.0
2023-11-27,147.0,45.5,56.0,10.5,7.0,21.0,3.5,7.0,7.0,3.5,0.0,0.0,0.0,0.0,7.0,0.0,3.5,7.0,7.0,0.0
2023-11-28,196.0,14.0,17.5,17.5,0.0,7.0,7.0,0.0,10.5,10.5,3.5,14.0,0.0,3.5,0.0,0.0,10.5,3.5,7.0,0.0
2023-11-29,164.5,7.0,14.0,31.5,0.0,7.0,7.0,0.0,3.5,0.0,3.5,7.0,3.5,0.0,3.5,0.0,7.0,0.0,7.0,0.0
2023-11-30,157.5,14.0,31.5,10.5,10.5,94.5,3.5,3.5,10.5,7.0,3.5,0.0,0.0,0.0,7.0,0.0,7.0,3.5,0.0,0.0
2023-12-01,192.5,45.5,3.5,24.5,0.0,3.5,3.5,3.5,0.0,0.0,7.0,0.0,3.5,3.5,3.5,0.0,3.5,0.0,3.5,0.0
2023-12-02,381.5,52.5,38.5,14.0,17.5,0.0,7.0,0.0,0.0,0.0,14.0,3.5,3.5,7.0,0.0,0.0,0.0,3.5,0.0,0.0
2023-12-03,245.0,31.5,28.0,21.0,10.5,7.0,7.0,0.0,7.0,0.0,3.5,3.5,0.0,0.0,0.0,0.0,0.0,0.0,0.0,0.0
2023-12-04,210.0,35.0,21.0,21.0,3.5,3.5,3.5,0.0,0.0,0.0,3.5,3.5,0.0,0.0,0.0,0.0,0.0,3.5,0.0,0.0
2023-12-05,129.5,14.0,10.5,21.0,0.0,7.0,3.5,0.0,14.0,0.0,0.0,0.0,0.0,14.0,3.5,0.0,0.0,0.0,3.5,0.0
2023-12-06,105.0,17.5,17.5,7.0,7.0,0.0,3.5,0.0,0.0,3.5,7.0,7.0,0.0,3.5,0.0,0.0,7.0,0.0,3.5,0.0
2023-12-07,140.0,185.5,28.0,17.5,3.5,3.5,3.5,0.0,14.0,0.0,3.5,7.0,0.0,0.0,0.0,0.0,0.0,0.0,10.5,0.0
2023-12-08,182.0,10.5,17.5,24.5,3.5,3.5,7.0,0.0,3.5,0.0,0.0,3.5,3.5,0.0,0.0,0.0,0.0,3.5,7.0,0.0
2023-12-09,273.0,31.5,63.0,14.0,17.5,10.5,10.5,7.0,3.5,0.0,0.0,7.0,3.5,0.0,0.0,0.0,0.0,0.0,0.0,0.0
2023-12-10,311.5,52.5,21.0,31.5,3.5,7.0,7.0,0.0,7.0,0.0,3.5,14.0,3.5,7.0,0.0,0.0,0.0,3.5,0.0,0.0
2023-12-11,203.0,49.0,10.5,14.0,14.0,7.0,0.0,7.0,3.5,3.5,17.5,10.5,0.0,7.0,3.5,0.0,0.0,0.0,3.5,0.0
2023-12-12,301.0,24.5,38.5,14.0,7.0,10.5,0.0,3.5,0.0,3.5,0.0,14.0,3.5,3.5,0.0,0.0,0.0,7.0,3.5,0.0
2023-12-13,213.5,10.5,7.0,24.5,14.0,7.0,0.0,0.0,3.5,0.0,3.5,7.0,3.5,0.0,0.0,0.0,3.5,0.0,10.5,0.0
2023-12-14,185.5,17.5,10.5,24.5,14.0,0.0,0.0,3.5,10.5,0.0,3.5,0.0,3.5,0.0,0.0,0.0,0.0,0.0,0.0,0.0
2023-12-15,231.0,49.0,10.5,7.0,17.5,0.0,3.5,0.0,0.0,0.0,0.0,3.5,0.0,0.0,0.0,0.0,3.5,3.5,10.5,0.0
2023-12-16,350.0,45.5,17.5,24.5,28.0,7.0,3.5,0.0,7.0,7.0,3.5,14.0,3.5,7.0,0.0,0.0,0.0,3.5,3.5,0.0
2023-12-17,336.0,56.0,38.5,42.0,35.0,0.0,7.0,0.0,14.0,0.0,10.5,21.0,10.5,3.5,3.5,0.0,0.0,10.5,10.5,0.0
2023-12-18,325.5,31.5,38.5,24.5,10.5,10.5,0.0,10.5,10.5,0.0,7.0,0.0,3.5,7.0,0.0,0.0,0.0,7.0,3.5,0.0
2023-12-19,402.5,31.5,24.5,17.5,10.5,3.5,3.5,0.0,21.0,0.0,0.0,14.0,10.5,7.0,0.0,0.0,0.0,7.0,3.5,0.0
2023-12-20,346.5,14.0,28.0,21.0,10.5,7.0,0.0,0.0,10.5,3.5,7.0,3.5,3.5,0.0,0.0,0.0,0.0,0.0,3.5,0.0
2023-12-21,259.0,28.0,17.5,24.5,17.5,0.0,3.5,3.5,0.0,0.0,7.0,3.5,7.0,0.0,0.0,0.0,0.0,0.0,0.0,0.0
2023-12-22,283.5,42.0,52.5,24.5,10.5,7.0,3.5,3.5,10.5,0.0,7.0,0.0,0.0,10.5,0.0,0.0,0.0,0.0,0.0,0.0
2023-12-23,350.0,35.0,31.5,21.0,24.5,3.5,7.0,7.0,7.0,3.5,3.5,3.5,0.0,3.5,3.5,3.5,0.0,0.0,3.5,0.0
2023-12-24,157.5,17.5,7.0,14.0,17.5,0.0,7.0,0.0,7.0,0.0,0.0,0.0,0.0,0.0,0.0,0.0,0.0,3.5,0.0,0.0
2023-12-25,7.0,7.0,0.0,0.0,0.0,0.0,0.0,0.0,0.0,0.0,0.0,0.0,0.0,0.0,0.0,0.0,0.0,0.0,3.5,0.0
2023-12-26,490.0,52.5,21.0,28.0,17.5,3.5,0.0,0.0,14.0,3.5,0.0,0.0,0.0,0.0,0.0,0.0,0.0,0.0,7.0,0.0
2023-12-27,381.5,45.5,45.5,28.0,17.5,7.0,3.5,3.5,7.0,0.0,3.5,0.0,3.5,7.0,0.0,0.0,0.0,3.5,3.5,0.0
2023-12-28,448.0,28.0,17.5,10.5,21.0,0.0,3.5,3.5,7.0,3.5,3.5,7.0,10.5,7.0,3.5,0.0,0.0,0.0,7.0,0.0
2023-12-29,336.0,35.0,31.5,38.5,31.5,3.5,3.5,10.5,10.5,0.0,0.0,0.0,21.0,0.0,0.0,0.0,0.0,7.0,3.5,0.0
2023-12-30,507.5,56.0,28.0,42.0,10.5,3.5,3.5,0.0,7.0,0.0,7.0,0.0,17.5,0.0,0.0,0.0,0.0,3.5,3.5,0.0
2023-12-31,168.0,35.0,7.0,10.5,3.5,7.0,0.0,3.5,3.5,3.5,3.5,0.0,7.0,3.5,0.0,0.0,0.0,3.5,0.0,0.0
